{
    "id": 111225410,
    "name": "1000 EYES",
    "author": "SaQreeZ",
    "creators": ["SaQreeZ"],
    "verifier": "SaQreeZ",
    "verification": "https://youtu.be/OuI7aDJZ0O4",
    "percentToQualify": 51,
    "password": "None",
    "enjoyment": "5/10",
    "description": "Ship level with a lot of eyes (orbs). Fast fps required.",
    "records": [
        {
            "user": "MaybeGurt",
            "link": "link",
            "percent": 100,
            "hz": 240
        },
        {
            "user": "kubusszn",
            "link": "link",
            "percent": 100,
            "hz": 240
        },
        {
            "user": "YoungSzxmus",
            "link": "link",
            "percent": 100,
            "hz": 480
        },
        {
            "user": "Wojasek",
            "link": "link",
            "percent": 60,
            "hz": 240
        },
        {
            "user": "Specie",
            "link": "link",
            "percent": 100,
            "hz": 120
        },
        {
            "user": "LatanisGD",
            "link": "link",
            "percent": 100,
            "hz": 360
        },
        {
            "user": "PikmiQ",
            "link": "link",
            "percent": 100,
            "hz": 60
        },
        {
            "user": "qnet309",
            "link": "link",
            "percent": 100,
            "hz": 240
        }
    ]
}
