{
    "id": 110379152,
    "name": "3 seconds brainrot",
    "author": "Wojasek",
    "creators": ["Wojasek"],
    "verifier": "Wojasek",
    "verification": "https://youtu.be/FF_DgSI8hVY",
    "percentToQualify": 50,
    "password": "None",
    "enjoyment": "4/10",
    "description": "A 3 second level. Requires spam control.",
    "records": [
        {
            "user": "SaQreeZ",
            "link": "link",
            "percent": 100,
            "hz": 240
        },
        {
            "user": "tublerGD",
            "link": "link",
            "percent": 100,
            "mobile": 1,
            "hz": 60
        },
        {
            "user": "MaybeGurt",
            "link": "link",
            "percent": 100,
            "hz": 240
        },
        {
            "user": "YoungSzxmus",
            "link": "link",
            "percent": 100,
            "hz": 480
        },
        {
            "user": "PikmiQ",
            "link": "link",
            "percent": 100,
            "hz": 60
        },
        {
            "user": "Specie",
            "link": "link",
            "percent": 100,
            "hz": 120
        },
        {
            "user": "kubusszn",
            "link": "link",
            "percent": 100,
            "hz": 240
        }
    ]
}
