{
    "id": 122787874,
    "name": "5 levels of saqrez",
    "author": "denerosz",
    "creators": ["denerosz"],
    "verifier": "denerosz",
    "verification": "https://youtu.be/x1ufnaiyT0s",
    "percentToQualify": 50,
    "password": "None",
    "enjoyment": "6/10",
    "description": "Straight fly challenge, 5 levels of saqrez, where my name was mispelled. But i like it.",
    "records": [
        {
            "user": "MaybeGurt",
            "link": "link",
            "percent": 100,
            "hz": 240
        },
        {
            "user": "SaQreeZ",
            "link": "link",
            "percent": 100,
            "hz": 240
        },
        {
            "user": "Hubibubi",
            "link": "link",
            "percent": 100,
            "hz": 165
        },
        {
            "user": "YoungSzxmus",
            "link": "link",
            "percent": 100,
            "hz": 480
        },
        {
            "user": "PikmiQ",
            "link": "link",
            "percent": 100,
            "hz": 60
        },
        {
            "user": "Specie",
            "link": "link",
            "percent": 100,
            "hz": 120
        },
        {
            "user": "kubusszn",
            "link": "link",
            "percent": 100,
            "hz": 240
        },
        {
            "user": "B0ber0",
            "link": "link",
            "percent": 100,
            "hz": 60
        }
    ]
}
