[
    {
        "id": "former-top-1",
        "name": "Former Top 1 Pack",
        "description": "Kompletna seria poprzednich popularnych poziomów Top 1",
        "author": "SaQreeZ",
        "levels": [
            "Wonder",
            "Leaves",
            "LavophobiX"
        ]
    },
    {
        "id": "not-wave-based",
        "name": "Not Wave Based Pack",
        "description": "Zestaw poziomów, które nie są oparte na gameplayu wave, ale nadal są trudne i wymagające",
        "author": "SaQreeZ, t0n3k",
        "levels": [
            "ATOMIC PULSE",
            "1000 EYES",
            "hito"
        ]
    },
    {
        "id": "t0n3k",
        "name": "t0n3k Pack",
        "description": "Zestaw niektórych poziomów autorstwa t0n3k.",
        "author": "t0n3k",
        "levels": [
            "the option",
            "rainy day",
            "ultimate_wave"
        ]
    },
    {
        "id": "og-challenges",
        "name": "OG Challenges Pack",
        "description": "Zestaw poziomów które są starsze od listy.",
        "author": "SaQreeZ",
        "levels": [
            "Brilden",
            "Defuse",
            "Fly High"
        ]
    },
    {
        "id": "short",
        "name": "Short Pack",
        "description": "Zestaw najkrótszych poziomów na liście.",
        "author": "SaQreeZ, Wojasek",
        "levels": [
            "3 seconds brainrot",
            "ave",
            "ThreeSheesh"
        ]
    },
    {
        "id": "uppercase",
        "name": "UPPERCASE Pack",
        "description": "Zestaw poziomów z DUŻYMI LITERAMI.",
        "author": "SaQreeZ",
        "levels": [
            "ATOMIC PULSE",
            "1000 EYES",
            "CAMOKPYTKA"
        ]
    },
    {
        "id": "spam",
        "name": "Spam Pack",
        "description": "Zestaw poziomów ze spamem.",
        "author": "denerosz, t0n3k",
        "levels": [
            "drake_circles",
            "hAtino",
            "UnnamU74"
        ]
    },
    {
        "id": "leaves",
        "name": "Leaves Pack",
        "description": "Zestaw wszystkich poziomów Leaves.",
        "author": "t0n3k",
        "levels": [
            "Leaves",
            "Leave_Me",
            "i_cant_leave_you",
            "blindeaves"
        ]
    },
    {
        "id": "theikipolis",
        "name": "Theikipolis Pack",
        "description": "Kompletna seria poziomów Theikipolis od SaQreeZ",
        "author": "SaQreeZ",
        "levels": [
            "Theikipolis",
            "Theikipolis_II",
            "Theikipolis_III"
        ]
    },
    {
        "id": "x-pack",
        "name": "X Pack",
        "description": "Paczka X, nie związania z ulubionymi filmami.",
        "author": "denerosz",
        "levels": [
            "3_Times_X",
            "3x",
            "Triple_X"
        ]
    },
    {
        "id": "remake-1",
        "name": "Remake Pack I",
        "description": "Pierwsza seria poziomów która została zremake'owana od 0 z innych poziomów na oficjalnej liście challenge.",
        "author": "SaQreeZ",
        "levels": [
            "ave",
            "Fly High",
            "ATOMIC PULSE"
        ]
    },
    {
        "id": "remake-2",
        "name": "Remake Pack II",
        "description": "Druga seria troche trudniejszych poziomów niż pierwszy pack która została zremake'owana od 0 z innych poziomów na oficjalnej liście challenge.",
        "author": "SaQreeZ, Wojasek",
        "levels": [
            "cooker",
            "woozy",
            "Theikipolis_II",
            "known"
        ]
    },
    {
        "id": "remake-3",
        "name": "Remake Pack III",
        "description": "Trzecia seria jeszcze trudniejszych poziomów niż 2 poprzednie packi która została zremake'owana od 0 z innych poziomów na oficjalnej liście challenge.",
        "author": "SaQreeZ",
        "levels": [
            "LavophobiX",
            "d_minor",
            "wav",
            "1000 EYES"
        ]
    },
    {
        "id": "remake-4",
        "name": "Remake Pack IV",
        "description": "Czwarta seria jeszcze jeszcze trudniejszych poziomów niż 3 poprzednie packi która została zremake'owana od 0 z innych poziomów na oficjalnej liście challenge.",
        "author": "SaQreeZ",
        "levels": [
            "Aquatic",
            "Wonder",
            "PTEROMERHANOPHOBIA",
            "Maybe_lvl_idk_UWU",
            "Chasm Of Despair"
        ]
    },
    {
        "id": "remake-5",
        "name": "Remake Pack V",
        "description": "Piąta seria jeszcze jeszcze jeszcze trudniejszych poziomów niż 4 poprzednie packi która została zremake'owana od 0 z innych poziomów na oficjalnej liście challenge (albo innych).",
        "author": "SaQreeZ",
        "levels": [
            "Amnesia",
            "Fiesta Azul",
            "Every_Start",
            "FINAL_COUNTDOWN",
            "raw"
        ]
    }
]