{
    "id": 126930694,
    "name": "adazik pointercreate",
    "author": "LatanisGD",
    "creators": ["LatanisGD"],
    "verifier": "Adazik",
    "verification": "https://youtu.be/bFgFrEvCWeY",
    "percentToQualify": 36,
    "password": "None",
    "enjoyment": "6.5/10",
    "description": "Greeny wave based challenge, with attempt farm in the beginning.",
    "records": [
        {
            "user": "YoungSzxmus",
            "link": "link",
            "percent": 100,
            "hz": 480
        },
        {
            "user": "Specie",
            "link": "link",
            "percent": 100,
            "hz": 120
        }
    ]
}
