{
    "id": 87777003,
    "name": "Amnesia",
    "author": "SaQreeZ",
    "creators": ["SaQreeZ"],
    "verifier": "YoungSzxmus",
    "verification": "https://youtu.be/kD86sBNhEBA",
    "percentToQualify": 34,
    "password": "None",
    "enjoyment": "7.5/10",
    "description": "Oblivion inspired level, but it's kinda 'cheap' and less claustrophobic.",
    "records": [
        {
            "user": "kubusszn",
            "link": "link",
            "percent": 100,
            "hz": 240
        },
        {
            "user": "LatanisGD",
            "link": "link",
            "percent": 100,
            "hz": 360
        },
        {
            "user": "Specie",
            "link": "link",
            "percent": 100,
            "hz": 120
        },
        {
            "user": "SaQreeZ",
            "link": "link",
            "percent": 41,
            "hz": 480
        }
    ]
}
