{
    "id": 126861047,
    "name": "Aparat Zebny Szymusa",
    "author": "PikmiQ",
    "creators": ["PikmiQ"],
    "verifier": "PikmiQ",
    "verification": "link",
    "percentToQualify": 100,
    "password": "None",
    "enjoyment": "4.5/10",
    "description": "Fuckass level. I dont think its enjoyable but, whatever.",
    "records": [
        {
            "user": "YoungSzxmus",
            "link": "link",
            "percent": 100,
            "hz": 480
        },
        {
            "user": "qnet309",
            "link": "link",
            "percent": 100,
            "hz": 240
        },
        {
            "user": "Specie",
            "link": "link",
            "percent": 100,
            "hz": 120
        }
    ]
}
