{
    "id": 85313542,
    "name": "Aquatic",
    "author": "SaQreeZ",
    "creators": ["SaQreeZ"],
    "verifier": "SaQreeZ",
    "verification": "https://youtu.be/QkX4Ed1KhOs",
    "percentToQualify": 25,
    "password": "None",
    "enjoyment": "7/10",
    "description": "NC level, inspired with Aquamarine, it's a 1000 times easier tho. Wave based.",
    "records": [
        {
            "user": "MaybeGurt",
            "link": "link",
            "percent": 100,
            "hz": 240
        },
        {
            "user": "kubusszn",
            "link": "link",
            "percent": 100,
            "hz": 240
        },
        {
            "user": "qnet309",
            "link": "link",
            "percent": 100,
            "hz": 240
        },
        {
            "user": "YoungSzxmus",
            "link": "link",
            "percent": 100,
            "hz": 480
        },
        {
            "user": "Wojasek",
            "link": "link",
            "percent": 100,
            "hz": 60
        },
        {
            "user": "Specie",
            "link": "link",
            "percent": 100,
            "hz": 120
        },
        {
            "user": "gopsolaptop",
            "link": "link",
            "percent": 100,
            "hz": 240
        }
    ]
}
