{
    "id": 122878473,
    "name": "better",
    "author": "pysznywojanek",
    "creators": ["Wojasek"],
    "verifier": "Wojasek",
    "verification": "link",
    "percentToQualify": 41,
    "password": "None",
    "enjoyment": "0/10",
    "description": "I demand to know what pysznywojanek or Wojasek took before creating such a shitty bitch ass level. It deserves a whole slideshow on TikTok.",
    "records": [
        {
            "user": "Specie",
            "link": "link",
            "percent": 100,
            "hz": 120
        },
        {
            "user": "YoungSzxmus",
            "link": "link",
            "percent": 100,
            "hz": 480
        },
        {
            "user": "MaybeGurt",
            "link": "link",
            "percent": 100,
            "hz": 240
        },
        {
            "user": "kubusszn",
            "link": "link",
            "percent": 100,
            "hz": 240
        },
        {
            "user": "qnet309",
            "link": "link",
            "percent": 100,
            "hz": 240
        }
    ]
}
