{
    "id": 122912847,
    "name": "blindeaves",
    "author": "pysznywojanek",
    "creators": ["pysznywojanek"],
    "verifier": "Wojasek",
    "verification": "https://youtu.be/JF_bMMpW5TY",
    "percentToQualify": 50,
    "password": "None",
    "enjoyment": "1/10",
    "description": "Leaves is a layout level, but invinsible. Inspired with Invinsible Deadlocked.",
    "records": [
        {
            "user": "MaybeGurt",
            "link": "link",
            "percent": 100,
            "hz": 240
        },
        {
            "user": "YoungSzxmus",
            "link": "link",
            "percent": 100,
            "hz": 480
        },
        {
            "user": "kubusszn",
            "link": "link",
            "percent": 100,
            "hz": 240
        },
        {
            "user": "Specie",
            "link": "link",
            "percent": 100,
            "hz": 120
        },
        {
            "user": "SaQreeZ",
            "link": "link",
            "percent": 58,
            "hz": 360
        }
    ]
}
