{
    "id": 124618510,
    "name": "booobbbbbb",
    "author": "tublerGDv3",
    "creators": ["tublerGD"],
    "verifier": "Specie",
    "verification": "https://youtu.be/1bV623x8P6A",
    "percentToQualify": 100,
    "password": "None",
    "enjoyment": "5/10",
    "description": "Wave challenge with fucked up precentage.",
    "records": [
        {
            "user": "PikmiQ",
            "link": "link",
            "percent": 100,
            "hz": 60
        },
        {
            "user": "qnet309",
            "link": "link",
            "percent": 100,
            "hz": 240
        }
    ]
}
