{
    "id": 75324525,
    "name": "Brilden",
    "author": "SaQreeZ",
    "creators": ["SaQreeZ, PershingPL"],
    "verifier": "SaQreeZ",
    "verification": "https://youtu.be/5ARTMbqgyr0",
    "percentToQualify": 25,
    "password": "None",
    "enjoyment": "5/10",
    "description": "Wave based old challenge, inspired with VSC by Bo.",
    "records": [
        {
            "user": "Wojasek",
            "link": "link",
            "percent": 100,
            "hz": 240
        },
        {
            "user": "PershingPL",
            "link": "link",
            "percent": 100,
            "mobile": 1,
            "hz": 60
        },
        {
            "user": "t0n3k",
            "link": "link",
            "percent": 100,
            "hz": 60
        },
        {
            "user": "denerosz",
            "link": "link",
            "percent": 100,
            "hz": 60
        },
        {
            "user": "tublerGD",
            "link": "link",
            "percent": 100,
            "mobile": 0,
            "hz": 60
        },
        {
            "user": "MaybeGurt",
            "link": "link",
            "percent": 100,
            "hz": 240
        },
        {
            "user": "Hubibubi",
            "link": "link",
            "percent": 100,
            "hz": 240
        },
        {
            "user": "YoungSzxmus",
            "link": "link",
            "percent": 100,
            "hz": 480
        },
        {
            "user": "PikmiQ",
            "link": "link",
            "percent": 100,
            "hz": 60
        },
        {
            "user": "Specie",
            "link": "link",
            "percent": 100,
            "hz": 120
        },
        {
            "user": "kubusszn",
            "link": "link",
            "percent": 100,
            "hz": 240
        }
    ]
}
