{
    "id": 121795879,
    "name": "CAMOKPYTKA",
    "author": "SaQreeZ",
    "creators": ["SaQreeZ"],
    "verifier": "SaQreeZ",
    "verification": "link",
    "percentToQualify": 50,
    "password": "None",
    "enjoyment": "3/10",
    "description": "Spam, and consistency based challenge. Basically spam and timings. High CPS level.",
    "records": [
        {
            "user": "MaybeGurt",
            "link": "link",
            "percent": 100,
            "hz": 240
        },
        {
            "user": "kubusszn",
            "link": "link",
            "percent": 100,
            "hz": 240
        },
        {
            "user": "qnet309",
            "link": "link",
            "percent": 100,
            "hz": 240
        },
        {
            "user": "YoungSzxmus",
            "link": "link",
            "percent": 100,
            "hz": 480
        },
        {
            "user": "Specie",
            "link": "link",
            "percent": 100,
            "hz": 120
        },
        {
            "user": "Wojasek",
            "link": "link",
            "percent": 50,
            "hz": 240
        },
        {
            "user": "t0n3k",
            "link": "link",
            "percent": 100,
            "hz": 360
        }
    ]
}
