{
    "id": 122134441,
    "name": "Chasm Of Despair",
    "author": "SaQreeZ",
    "creators": ["SaQreeZ"],
    "verifier": "MaybeGurt",
    "verification": "https://youtu.be/rSylW1EQvb4",
    "percentToQualify": 50,
    "password": "None",
    "enjoyment": "4/10",
    "description": "Beautifully designed but dangerous level. Tight wave timings. Wave based.",
    "records": [
        {
            "user": "SaQreeZ",
            "link": "link",
            "percent": 100,
            "hz": 240
        },
        {
            "user": "YoungSzxmus",
            "link": "link",
            "percent": 100,
            "hz": 480
        },
        {
            "user": "Specie",
            "link": "link",
            "percent": 100,
            "hz": 120
        },
        {
            "user": "kubusszn",
            "link": "link",
            "percent": 100,
            "hz": 240
        },
        {
            "user": "gopsolaptop",
            "link": "link",
            "percent": 100,
            "hz": 240
        },
        {
            "user": "qnet309",
            "link": "link",
            "percent": 100,
            "hz": 240
        },
        {
            "user": "PikmiQ",
            "link": "link",
            "percent": 100,
            "hz": 60
        },
        {
            "user": "fabii25",
            "link": "link",
            "percent": 100,
            "hz": 280
        }
    ]
}
