{
    "id": 123256222,
    "name": "Confusion",
    "author": "Hubibubi",
    "creators": ["Hubibubi"],
    "verifier": "Hubibubi",
    "verification": "https://youtu.be/TEr2DhrT2O4",
    "percentToQualify": 50,
    "password": "None",
    "enjoyment": "5.5/10",
    "description": "Gameplay with the goated Terraria Calamity soundtrack.",
    "records": [
        {
            "user": "Specie",
            "link": "link",
            "percent": 100,
            "hz": 120
        },
        {
            "user": "kubusszn",
            "link": "link",
            "percent": 100,
            "hz": 240
        },
        {
            "user": "YoungSzxmus",
            "link": "link",
            "percent": 100,
            "hz": 480
        },
        {
            "user": "MaybeGurt",
            "link": "link",
            "percent": 100,
            "hz": 240
        }
    ]
}
