{
    "id": 84597191,
    "name": "cooker",
    "author": "SaQreeZ",
    "creators": ["SaQreeZ"],
    "verifier": "SaQreeZ",
    "verification": "https://youtu.be/sTgKlCiPD1Y",
    "percentToQualify": 40,
    "password": "None",
    "enjoyment": "7.5/10",
    "description": "Very pink, chill and slow level, wave based. Has some tight timings, but nothing too hard.",
    "records": [
        {
            "user": "MaybeGurt",
            "link": "link",
            "percent": 100,
            "hz": 240
        },
        {
            "user": "tublerGD",
            "link": "link",
            "percent": 100,
            "hz": 60
        },
        {
            "user": "YoungSzxmus",
            "link": "link",
            "percent": 100,
            "hz": 480
        },
        {
            "user": "qnet309",
            "link": "link",
            "percent": 100,
            "hz": 240
        },
        {
            "user": "Specie",
            "link": "link",
            "percent": 100,
            "hz": 120
        },
        {
            "user": "kubusszn",
            "link": "link",
            "percent": 100,
            "hz": 240
        },
        {
            "user": "LatanisGD",
            "link": "link",
            "percent": 100,
            "hz": 360
        }
    ]
}
