{
    "id": 124424331,
    "name": "Cove",
    "author": "SaQreeZ",
    "creators": ["SaQreeZ"],
    "verifier": "YoungSzxmus",
    "verification": "https://youtu.be/LibUJfgRPeo",
    "percentToQualify": 50,
    "password": "None",
    "enjoyment": "4/10",
    "description": "qoUEO looking ahh, 6 frame perfects on 60 fps i think?",
    "records": [
        {
            "user": "SaQreeZ",
            "link": "link",
            "percent": 100,
            "hz": 480
        },
        {
            "user": "MaybeGurt",
            "link": "link",
            "percent": 100,
            "hz": 240
        },
        {
            "user": "Specie",
            "link": "link",
            "percent": 100,
            "hz": 120
        },
        {
            "user": "kubusszn",
            "link": "link",
            "percent": 100,
            "hz": 240
        },
        {
            "user": "qnet309",
            "link": "link",
            "percent": 100,
            "hz": 240
        },
        {
            "user": "Blossip",
            "link": "link",
            "percent": 100,
            "hz": 248
        },
        {
            "user": "fabii25",
            "link": "link",
            "percent": 100,
            "hz": 280
        }
    ]
}
