{
    "id": 110992444,
    "name": "Decompilation",
    "author": "SaQreeZ",
    "creators": ["SaQreeZ"],
    "verifier": "SaQreeZ",
    "verification": "https://youtu.be/Xdp8ok-2eE4",
    "percentToQualify": 40,
    "password": "None",
    "enjoyment": "4.5/10",
    "description": "Decompilation is a level made for 2 hands (NOT 2 PLAYERS). MaybeGurt biggest defeated enemy (GGS).",
    "records": [
        {
            "user": "PershingPL",
            "link": "link",
            "percent": 100,
            "mobile": 1,
            "hz": 60
        },
        {
            "user": "YoungSzxmus",
            "link": "link",
            "percent": 100,
            "hz": 480
        },
        {
            "user": "kubusszn",
            "link": "link",
            "percent": 100,
            "hz": 240
        },
        {
            "user": "Specie",
            "link": "link",
            "percent": 100,
            "hz": 120
        },
        {
            "user": "MaybeGurt",
            "link": "link",
            "percent": 100,
            "hz": 240
        }
    ]
}
