{
    "id": 80741712,
    "name": "Defuse",
    "author": "SaQreeZ",
    "creators": ["SaQreeZ"],
    "verifier": "SaQreeZ",
    "verification": "https://youtu.be/nY3q9qUoH-I",
    "percentToQualify": 25,
    "password": "None",
    "enjoyment": "8.5/10",
    "description": "Easy level, kinda similar to Brilden tho it's easier, and pinkier. Wave based.",
    "records": [
        {
            "user": "tublerGD",
            "link": "link",
            "percent": 100,
            "mobile": 1,
            "hz": 60
        },
        {
            "user": "Wojasek",
            "link": "link",
            "percent": 100,
            "hz": 240
        },
        {
            "user": "PershingPL",
            "link": "link",
            "percent": 100,
            "mobile": 1,
            "hz": 60
        },
        {
            "user": "t0n3k",
            "link": "link",
            "percent": 100,
            "hz": 60
        },
        {
            "user": "denerosz",
            "link": "link",
            "percent": 100,
            "hz": 60
        },
        {
            "user": "✟ DEATH & ROSE ✟",
            "link": "link",
            "percent": 100,
            "hz": 240
        },
        {
            "user": "MaybeGurt",
            "link": "link",
            "percent": 100,
            "hz": 240
        },
        {
            "user": "Hubibubi",
            "link": "link",
            "percent": 100,
            "hz": 240
        },
        {
            "user": "Mok0o",
            "link": "link",
            "percent": 100,
            "hz": 60
        },
        {
            "user": "YoungSzxmus",
            "link": "link",
            "percent": 100,
            "hz": 480
        },
        {
            "user": "PikmiQ",
            "link": "link",
            "percent": 100,
            "hz": 60
        },
        {
            "user": "Specie",
            "link": "link",
            "percent": 100,
            "hz": 120
        },
        {
            "user": "kubusszn",
            "link": "link",
            "percent": 100,
            "hz": 240
        }
    ]
}
