{
    "id": 124597931,
    "name": "Demotivation",
    "author": "YoungSzxmus",
    "creators": ["SaQreeZ, YoungSzxmus"],
    "verifier": "YoungSzxmus",
    "verification": "https://youtu.be/wW9Y5NqNsFA",
    "percentToQualify": 40,
    "password": "None",
    "enjoyment": "2.5/10",
    "description": "Fuckass superbuffed decompilation. MaybeGurt wouldnt even think about this shit. (Recommended for torturing this guy)",
    "records": [
        {
            "user": "Specie",
            "link": "link",
            "percent": 100,
            "hz": 120
        }
    ]
}
