{
    "id": 124600828,
    "name": "derpy robot",
    "author": "kubusszn",
    "creators": ["kubusszn"],
    "verifier": "kubusszn",
    "verification": "https://youtu.be/8vO8UCr9FrU",
    "percentToQualify": 60,
    "password": "None",
    "enjoyment": "5/10",
    "description": "Unique.",
    "records": [
        {
            "user": "SaQreeZ",
            "link": "link",
            "percent": 100,
            "hz": 480
        },
        {
            "user": "YoungSzxmus",
            "link": "link",
            "percent": 100,
            "hz": 480
        },
        {
            "user": "Specie",
            "link": "link",
            "percent": 100,
            "hz": 120
        },
        {
            "user": "Wojasek",
            "link": "link",
            "percent": 100,
            "hz": 60
        },
        {
            "user": "MaybeGurt",
            "link": "link",
            "percent": 100,
            "hz": 240
        },
        {
            "user": "tublerGD",
            "link": "link",
            "percent": 100,
            "hz": 60
        },
        {
            "user": "PikmiQ",
            "link": "link",
            "percent": 100,
            "hz": 60
        }
    ]
}
