{
    "id": 110909131,
    "name": "destruction",
    "author": "Wojasek",
    "creators": ["Wojasek"],
    "verifier": "Wojasek",
    "verification": "link",
    "percentToQualify": 37,
    "password": "None",
    "enjoyment": "2/10",
    "description": "Destruction is a shitty ahh level, with no deco, and memory at the end. Kinda unbalaced.",
    "records": [
        {
            "user": "MaybeGurt",
            "link": "link",
            "percent": 100,
            "hz": 240
        },
        {
            "user": "SaQreeZ",
            "link": "link",
            "percent": 100,
            "hz": 240
        },
        {
            "user": "YoungSzxmus",
            "link": "link",
            "percent": 100,
            "hz": 480
        },
        {
            "user": "Specie",
            "link": "link",
            "percent": 100,
            "hz": 120
        },
        {
            "user": "kubusszn",
            "link": "link",
            "percent": 100,
            "hz": 240
        },
        {
            "user": "PikmiQ",
            "link": "link",
            "percent": 100,
            "hz": 60
        }
    ]
}
