{
    "id": 122624458,
    "name": "dualed",
    "author": "Wojasek",
    "creators": ["Wojasek"],
    "verifier": "Wojasek",
    "verification": "https://youtu.be/awN2-8UXJX4",
    "percentToQualify": 50,
    "password": "None",
    "enjoyment": "2.5/10",
    "description": "A buggy dual level. Hard to leard, and hard to play.",
    "records": [
        {
            "user": "MaybeGurt",
            "link": "link",
            "percent": 100,
            "hz": 240
        },
        {
            "user": "YoungSzxmus",
            "link": "link",
            "percent": 100,
            "hz": 480
        },
        {
            "user": "PikmiQ",
            "link": "link",
            "percent": 100,
            "hz": 60
        },
        {
            "user": "Specie",
            "link": "link",
            "percent": 100,
            "hz": 120
        },
        {
            "user": "kubusszn",
            "link": "link",
            "percent": 100,
            "hz": 240
        },
        {
            "user": "tublerGD",
            "link": "link",
            "percent": 84,
            "hz": 60
        }
    ]
}
