{
    "id": 127126543,
    "name": "Emerald Blade",
    "author": "PikmiQ",
    "creators": ["PikmiQ"],
    "verifier": "PikmiQ",
    "verification": "https://medal.tv/pl/games/geometry-dash/clip/ljAubqhnLslycE1R7?invite=cr-MSw4MTgsNDIxMTg3NDgz",
    "percentToQualify": 40,
    "password": "None",
    "enjoyment": "4/10",
    "description": "Emerald Blade is a half consistency, half wave challenge. Slow paced.",
    "records": [
        {
            "user": "YoungSzxmus",
            "link": "link",
            "percent": 100,
            "hz": 480
        },
        {
            "user": "kubusszn",
            "link": "link",
            "percent": 100,
            "hz": 240
        },
        {
            "user": "qnet309",
            "link": "link",
            "percent": 100,
            "hz": 240
        }
    ]
}
