{
    "id": 121768009,
    "name": "Every Start",
    "author": "SaQreeZ",
    "creators": ["SaQreeZ"],
    "verifier": "Specie",
    "verification": "https://youtu.be/IIT3z-RCFBc",
    "percentToQualify": 25,
    "password": "None",
    "enjoyment": "6.5/10",
    "description": "Every End but not on steroids.",
    "records": [
        {
            "user": "kubusszn",
            "link": "link",
            "percent": 100,
            "hz": 240
        },
        {
            "user": "YoungSzxmus",
            "link": "link",
            "percent": 100,
            "hz": 480
        },
        {
            "user": "SaQreeZ",
            "link": "link",
            "percent": 80,
            "hz": 480
        },
        {
            "user": "LatanisGD",
            "link": "link",
            "percent": 77,
            "hz": 360
        }
    ]
}
