{
    "id": 121587164,
    "name": "Fear Me",
    "author": "MaybeGurt",
    "creators": ["MaybeGurt"],
    "verifier": "MaybeGurt",
    "verification": "https://youtu.be/B6AVp4hu620",
    "percentToQualify": 35,
    "password": "None",
    "enjoyment": "1.5/10",
    "description": "Short wave based challenge, tho basic ship and timings skills are also required.",
    "records": [
        {
            "user": "kubusszn",
            "link": "link",
            "percent": 100,
            "hz": 240
        },
        {
            "user": "Wojasek",
            "link": "link",
            "percent": 89,
            "hz": 240
        },
        {
            "user": "SaQreeZ",
            "link": "link",
            "percent": 49,
            "hz": 240
        },
        {
            "user": "YoungSzxmus",
            "link": "link",
            "percent": 100,
            "hz": 480
        },
        {
            "user": "Specie",
            "link": "link",
            "percent": 100,
            "hz": 120
        }
    ]
}
