{
    "id": 111146199,
    "name": "Fiesta Azul",
    "author": "SaQreeZ",
    "creators": ["SaQreeZ"],
    "verifier": "MaybeGurt",
    "verification": "https://youtu.be/3zUFGvDouao?si=MOmHX8VuRdePb20O&t=7",
    "percentToQualify": 25,
    "password": "None",
    "enjoyment": "6/10",
    "description": "NC mixed with slaugherhouse, and ice. Very hard level, wave based, tho timings at the beggining are also difficult.",
    "records": [
        {
            "user": "YoungSzxmus",
            "link": "link",
            "percent": 100,
            "hz": 480
        },
        {
            "user": "SaQreeZ",
            "link": "link",
            "percent": 76,
            "hz": 360
        },
        {
            "user": "t0n3k",
            "link": "link",
            "percent": 50,
            "hz": 240
        },
        {
            "user": "Specie",
            "link": "link",
            "percent": 100,
            "hz": 120
        },
        {
            "user": "kubusszn",
            "link": "link",
            "percent": 100,
            "hz": 240
        },
        {
            "user": "LatanisGD",
            "link": "link",
            "percent": 100,
            "hz": 360
        },
        {
            "user": "qnet309",
            "link": "link",
            "percent": 100,
            "hz": 240
        }
    ]
}
