{
    "id": 124868569,
    "name": "FINAL COUNTDOWN",
    "author": "SaQreeZ",
    "creators": ["SaQreeZ"],
    "verifier": "SaQreeZ",
    "verification": "https://youtu.be/pUXfsvA9fpE",
    "percentToQualify": 51,
    "password": "None",
    "enjoyment": "5/10",
    "description": "8 jumps of hell on 60 fps.",
    "records": [
        {
            "user": "YoungSzxmus",
            "link": "link",
            "percent": 100,
            "hz": 60
        },
        {
            "user": "MaybeGurt",
            "link": "link",
            "percent": 100,
            "hz": 60
        },
        {
            "user": "kubusszn",
            "link": "link",
            "percent": 100,
            "hz": 240
        },
        {
            "user": "Specie",
            "link": "link",
            "percent": 100,
            "hz": 240
        },
        {
            "user": "qnet309",
            "link": "link",
            "percent": 100,
            "hz": 240
        },
        {
            "user": "Pixelmoon",
            "link": "link",
            "percent": 100,
            "hz": 240
        },
        {
            "user": "fabii25",
            "link": "link",
            "percent": 100,
            "hz": 280
        },
        {
            "user": "PershingPL",
            "link": "link",
            "percent": 53,
            "mobile": 1,
            "hz": 60
        },
        {
            "user": "LatanisGD",
            "link": "link",
            "percent": 53,
            "hz": 360
        }
    ]
}
