{
    "id": 127132676,
    "name": "FluxxWave",
    "author": "YoungSzxmus",
    "creators": ["YoungSzxmus"],
    "verifier": "YoungSzxmus",
    "verification": "link, dawaj mi go kurwa",
    "percentToQualify": 43,
    "password": "None",
    "enjoyment": "7.5/10",
    "description": "Sync based wave level. YoungSzxmus tried to do my glow method. He failed the test (actually he made a little, littliest of the littliestestest mistake but i still want to say he failed just for fun).",
    "records": [
        {
            "user": "qnet309",
            "link": "link",
            "percent": 100,
            "hz": 240
        },
        {
            "user": "Specie",
            "link": "link",
            "percent": 100,
            "hz": 120
        },
        {
            "user": "SaQreeZ",
            "link": "link",
            "percent": 76,
            "hz": 360
        }
    ]
}
