{
    "id": 110794124,
    "name": "focus",
    "author": "tublerGD",
    "creators": ["tublerGD"],
    "verifier": "tublerGD",
    "verification": "https://youtu.be/u4brDBYwj0E",
    "percentToQualify": 50,
    "password": "None",
    "enjoyment": "",
    "description": "",
    "records": [
        {
            "user": "t0n3k",
            "link": "link",
            "percent": 100,
            "hz": 60
        },
        {
            "user": "SaQreeZ",
            "link": "link",
            "percent": 100,
            "hz": 240
        },
        {
            "user": "Wojasek",
            "link": "link",
            "percent": 100,
            "hz": 240
        },
        {
            "user": "YoungSzxmus",
            "link": "link",
            "percent": 100,
            "hz": 480
        },
        {
            "user": "Specie",
            "link": "link",
            "percent": 100,
            "hz": 120
        }
    ]
}
