{
    "id": 124445197,
    "name": "glif",
    "author": "tublerGDv3",
    "creators": ["tublerGDv3"],
    "verifier": "tublerGD",
    "verification": "https://youtube.com/shorts/60RxrRoSkW4",
    "percentToQualify": 35,
    "password": "None",
    "enjoyment": "7.5/10",
    "description": "Fun wave, until the somehow called spam part? Idk lol. Grief cheap ass remake.",
    "records": [
        {
            "user": "YoungSzxmus",
            "link": "link",
            "percent": 100,
            "hz": 480
        },
        {
            "user": "MaybeGurt",
            "link": "link",
            "percent": 100,
            "hz": 240
        },
        {
            "user": "Specie",
            "link": "link",
            "percent": 100,
            "hz": 120
        },
        {
            "user": "kubusszn",
            "link": "link",
            "percent": 100,
            "hz": 240
        }
    ]
}
