{
    "id": 110480646,
    "name": "gyat",
    "author": "SaQreeZ",
    "creators": ["TublerGD"],
    "verifier": "MaybeGurt",
    "verification": "https://youtu.be/EV6vmYJQ3kc",
    "percentToQualify": 35,
    "password": "None",
    "enjoyment": "2/10",
    "description": "Green level with kinda bad deco, and cancer unbalanced gameplay. 1 Frame perfect at the start, followed by easy wave, going into hard wave. Wave based.",
    "records": [
        {
            "user": "kubusszn",
            "link": "link",
            "percent": 100,
            "hz": 240
        },
        {
            "user": "YoungSzxmus",
            "link": "link",
            "percent": 100,
            "hz": 480
        },
        {
            "user": "Specie",
            "link": "link",
            "percent": 100,
            "hz": 120
        },
        {
            "user": "qnet309",
            "link": "link",
            "percent": 100,
            "hz": 240
        },
        {
            "user": "SaQreeZ",
            "link": "link",
            "percent": 46,
            "hz": 240
        }
    ]
}
