{
    "id": 121637222,
    "name": "gyat lvl 1",
    "author": "SaQreeZ",
    "creators": ["tublerGDv3"],
    "verifier": "MaybeGurt",
    "verification": "https://youtu.be/atD9zdlmwfc",
    "percentToQualify": 30,
    "password": "None",
    "enjoyment": "2.5/10",
    "description": "Very pink level, and not playtested well, colors were inspired with FINAL FANTASY. 1 Frame perfect at the start.",
    "records": [
        {
            "user": "kubusszn",
            "link": "link",
            "percent": 100,
            "hz": 240
        },
        {
            "user": "YoungSzxmus",
            "link": "link",
            "percent": 100,
            "hz": 480
        },
        {
            "user": "Specie",
            "link": "link",
            "percent": 100,
            "hz": 120
        }
    ]
}
