{
    "id": 110958846,
    "name": "hacker",
    "author": "tublerGD",
    "creators": ["tublerGD"],
    "verifier": "tublerGD",
    "verification": "https://youtu.be/9GZeh7FNZjY",
    "percentToQualify": 55,
    "password": "None",
    "enjoyment": "4.5/10",
    "description": "Spam wave control level. Matrix style B).",
    "records": [
        {
            "user": "SaQreeZ",
            "link": "link",
            "percent": 100,
            "hz": 240
        },
        {
            "user": "Wojasek",
            "link": "link",
            "percent": 100,
            "hz": 240
        },
        {
            "user": "denerosz",
            "link": "link",
            "percent": 100,
            "hz": 60
        },
        {
            "user": "MaybeGurt",
            "link": "link",
            "percent": 100,
            "hz": 240
        },
        {
            "user": "Hubibubi",
            "link": "link",
            "percent": 100,
            "hz": 240
        },
        {
            "user": "YoungSzxmus",
            "link": "link",
            "percent": 100,
            "hz": 480
        },
        {
            "user": "PikmiQ",
            "link": "link",
            "percent": 100,
            "hz": 60
        },
        {
            "user": "Specie",
            "link": "link",
            "percent": 100,
            "hz": 120
        },
        {
            "user": "kubusszn",
            "link": "link",
            "percent": 100,
            "hz": 240
        }
    ]
}
