{
    "id": 121823768,
    "name": "hito",
    "author": "t0n3k",
    "creators": ["t0n3k"],
    "verifier": "t0n3k",
    "verification": "https://medal.tv/games/geometry-dash/clips/kzKEIeVJTdw6OgceS?invite=cr-MSxuRXQsMzg3NzE1NDY4",
    "percentToQualify": 45,
    "password": "None",
    "enjoyment": "4/10",
    "description": "Pink ship challenge, with a fucking annoying bug at 16%. The rest of it is fine.",
    "records": [
        {
            "user": "SaQreeZ",
            "link": "link",
            "percent": 100,
            "hz": 240
        },
        {
            "user": "MaybeGurt",
            "link": "link",
            "percent": 100,
            "hz": 240
        },
        {
            "user": "YoungSzxmus",
            "link": "link",
            "percent": 100,
            "hz": 480
        },
        {
            "user": "qnet309",
            "link": "link",
            "percent": 100,
            "hz": 240
        },
        {
            "user": "Specie",
            "link": "link",
            "percent": 100,
            "hz": 120
        },
        {
            "user": "kubusszn",
            "link": "link",
            "percent": 100,
            "hz": 240
        }
    ]
}
