{
    "id": 122903647,
    "name": "i cant leave you",
    "author": "pysznywojanek",
    "creators": ["SaQreeZ", "Wojasek"],
    "verifier": "Wojasek",
    "verification": "https://youtu.be/3pyMpjGL-l8",
    "percentToQualify": 25,
    "password": "None",
    "enjoyment": "4/10",
    "description": "Leaves 5 times in a row. Fuck no.",
    "records": [
        {
            "user": "MaybeGurt",
            "link": "link",
            "percent": 100,
            "hz": 240
        },
        {
            "user": "YoungSzxmus",
            "link": "link",
            "percent": 100,
            "hz": 480
        },
        {
            "user": "kubusszn",
            "link": "link",
            "percent": 100,
            "hz": 240
        },
        {
            "user": "Specie",
            "link": "link",
            "percent": 100,
            "hz": 120
        },
        {
            "user": "qnet309",
            "link": "link",
            "percent": 100,
            "hz": 240
        },
        {
            "user": "SaQreeZ",
            "link": "link",
            "percent": 31,
            "hz": 240
        }
    ]
}
