{
    "id": 121798374,
    "name": "ice circles",
    "author": "tublerGD",
    "creators": ["tublerGD"],
    "verifier": "tublerGD",
    "verification": "link",
    "percentToQualify": 50,
    "password": "None",
    "enjoyment": "6/10",
    "description": "Brrrr. Icey NC level with some wave gameplay.",
    "records": [
        {
            "user": "MaybeGurt",
            "link": "link",
            "percent": 100,
            "hz": 240
        },
        {
            "user": "Wojasek",
            "link": "link",
            "percent": 100,
            "hz": 60
        },
        {
            "user": "Hubibubi",
            "link": "link",
            "percent": 100,
            "hz": 240
        },
        {
            "user": "SaQreeZ",
            "link": "link",
            "percent": 100,
            "hz": 240
        },
        {
            "user": "skibidiwojasek",
            "link": "link",
            "percent": 100,
            "mobile": 1,
            "hz": 60
        },
        {
            "user": "denerosz",
            "link": "link",
            "percent": 100,
            "hz": 60
        },
        {
            "user": "YoungSzxmus",
            "link": "link",
            "percent": 100,
            "hz": 480
        },
        {
            "user": "Sevue",
            "link": "link",
            "percent": 100,
            "hz": 60
        },
        {
            "user": "PikmiQ",
            "link": "link",
            "percent": 100,
            "hz": 60
        },
        {
            "user": "t0n3k",
            "link": "link",
            "percent": 100,
            "hz": 240
        },
        {
            "user": "Specie",
            "link": "link",
            "percent": 100,
            "hz": 120
        },
        {
            "user": "kubusszn",
            "link": "link",
            "percent": 100,
            "hz": 240
        }
    ]
}
