{
    "id": 124591682,
    "name": "it makes you beautif",
    "author": "SaQreeZ",
    "creators": ["SaQreeZ"],
    "verifier": "SaQreeZ",
    "verification": "https://youtu.be/nTvLGLQHuhQ",
    "percentToQualify": 42,
    "password": "None",
    "enjoyment": "6/10",
    "description": "Non-pwaytested~ wav chawwenge. It is actually goooood UvU! It makes you beautiful :3. Come join us UwU!",
    "records": [
        {
            "user": "YoungSzxmus",
            "link": "link",
            "percent": 100,
            "hz": 480
        },
        {
            "user": "kubusszn",
            "link": "link",
            "percent": 100,
            "hz": 240
        },
        {
            "user": "MaybeGurt",
            "link": "link",
            "percent": 100,
            "hz": 240
        },
        {
            "user": "Specie",
            "link": "link",
            "percent": 100,
            "hz": 120
        },
        {
            "user": "fabii25",
            "link": "link",
            "percent": 100,
            "hz": 280
        },
        {
            "user": "qnet309",
            "link": "link",
            "percent": 100,
            "hz": 240
        }
    ]
}
