{
    "id": 127847338,
    "name": "kazm of desperejszyn",
    "author": "kubusszn",
    "creators": ["kubusszn"],
    "verifier": "Specie",
    "verification": "https://medal.tv/games/geometry-dash/clip/lszOQEX0KDOfsJNp5?invite=cr-MSxwZXMsMjgwMDAxNTUx&v=13",
    "percentToQualify": 35,
    "password": "None",
    "enjoyment": "3/10",
    "description": "I read that as Chasm Of Depression lol.",
    "records": [
        {
            "user": "kubusszn",
            "link": "link",
            "percent": 100,
            "hz": 240
        }
    ]
}
