{
    "id": 122551029,
    "name": "known",
    "author": "pysznywojanek",
    "creators": ["Wojasek"],
    "verifier": "Wojasek",
    "verification": "https://youtu.be/xUJT8Wgi5eY",
    "percentToQualify": 50,
    "password": "None",
    "enjoyment": "4/10",
    "description": "Unknown short remake i guess with ahh wave timing at the end. Wave skills and wave spam skills recommended.",
    "records": [
        {
            "user": "MaybeGurt",
            "link": "link",
            "percent": 100,
            "hz": 240
        },
        {
            "user": "kubusszn",
            "link": "link",
            "percent": 100,
            "hz": 240
        },
        {
            "user": "YoungSzxmus",
            "link": "link",
            "percent": 100,
            "hz": 480
        },
        {
            "user": "SaQreeZ",
            "link": "link",
            "percent": 100,
            "hz": 480
        },
        {
            "user": "PikmiQ",
            "link": "link",
            "percent": 100,
            "hz": 60
        },
        {
            "user": "Specie",
            "link": "link",
            "percent": 100,
            "hz": 120
        },
        {
            "user": "qnet309",
            "link": "link",
            "percent": 100,
            "hz": 240
        },
        {
            "user": "LatanisGD",
            "link": "link",
            "percent": 100,
            "hz": 360
        },
        {
            "user": "Sevue",
            "link": "link",
            "percent": 52,
            "hz": 60
        }
    ]
}
