{
    "id": 122197959,
    "name": "Kordas Challenge",
    "author": "MaybeGurt",
    "creators": ["MaybeGurt"],
    "verifier": "MaybeGurt",
    "verification": "https://youtu.be/UxchvjeksM0",
    "percentToQualify": 40,
    "password": "None",
    "enjoyment": "6.5/10",
    "description": "Short consistency test. This was a challenge for Kordas i think lmao. Wave based consistency.",
    "records": [
        {
            "user": "SaQreeZ",
            "link": "link",
            "percent": 100,
            "hz": 240
        },
        {
            "user": "kubusszn",
            "link": "link",
            "percent": 100,
            "hz": 240
        },
        {
            "user": "YoungSzxmus",
            "link": "link",
            "percent": 100,
            "hz": 480
        },
        {
            "user": "Specie",
            "link": "link",
            "percent": 100,
            "hz": 120
        },
        {
            "user": "qnet309",
            "link": "link",
            "percent": 100,
            "hz": 240
        }
    ]
}
