{
    "id": 81475721,
    "name": "LavophobiX",
    "author": "SaQreeZ",
    "creators": ["SaQreeZ"],
    "verifier": "SaQreeZ",
    "verification": "https://youtu.be/ZL0JHT8fxkI",
    "percentToQualify": 25,
    "password": "None",
    "enjoyment": "7/10",
    "description": "This level will melt your heart, with its beautiful colors and lava design. It is a very short level, but it is very hard. Wave based.",
    "records": [
        {
            "user": "MaybeGurt",
            "link": "link",
            "percent": 100,
            "hz": 240
        },
        {
            "user": "YoungSzxmus",
            "link": "link",
            "percent": 100,
            "hz": 480
        },
        {
            "user": "qnet309",
            "link": "link",
            "percent": 100,
            "hz": 240
        },
        {
            "user": "kubusszn",
            "link": "link",
            "percent": 100,
            "hz": 240
        },
        {
            "user": "Specie",
            "link": "link",
            "percent": 100,
            "hz": 120
        },
        {
            "user": "PershingPL",
            "link": "link",
            "percent": 29,
            "mobile": 1,
            "hz": 60
        },
        {
            "user": "Wojasek",
            "link": "link",
            "percent": 65,
            "hz": 240
        },
        {
            "user": "PikmiQ",
            "link": "link",
            "percent": 100,
            "hz": 60
        },
        {
            "user": "LatanisGD",
            "link": "link",
            "percent": 100,
            "hz": 360
        }
    ]
}
