{
    "id": 121800548,
    "name": "Leave Me",
    "author": "SaQreeZ",
    "creators": ["SaQreeZ"],
    "verifier": "Wojasek",
    "verification": "https://youtu.be/Xs3AOaRJDAQ",
    "percentToQualify": 50,
    "password": "None",
    "enjoyment": "6.5/10",
    "description": "Leaves 2 times in a row.",
    "records": [
        {
            "user": "MaybeGurt",
            "link": "link",
            "percent": 100,
            "hz": 240
        },
        {
            "user": "t0n3k",
            "link": "link",
            "percent": 100,
            "hz": 240
        },
        {
            "user": "SaQreeZ",
            "link": "link",
            "percent": 100,
            "hz": 240
        },
        {
            "user": "YoungSzxmus",
            "link": "link",
            "percent": 100,
            "hz": 480
        },
        {
            "user": "kubusszn",
            "link": "link",
            "percent": 100,
            "hz": 240
        },
        {
            "user": "qnet309",
            "link": "link",
            "percent": 100,
            "hz": 240
        },
        {
            "user": "malybonzo6173",
            "link": "link",
            "percent": 85,
            "hz": 360
        },
        {
            "user": "Specie",
            "link": "link",
            "percent": 100,
            "hz": 120
        }
    ]
}
