{
    "id": 122881651,
    "name": "liscie",
    "author": "SaQreeZ",
    "creators": ["tublerGD"],
    "verifier": "Wojasek",
    "verification": "https://youtu.be/WK1EPmD_Gh4",
    "percentToQualify": 50,
    "password": "None",
    "enjoyment": "3.5/10",
    "description": "Leaves remake, but blue, and the transition is fucked up. Its easier, and more cancerous.",
    "records": [
        {
            "user": "MaybeGurt",
            "link": "link",
            "percent": 100,
            "hz": 240
        },
        {
            "user": "YoungSzxmus",
            "link": "link",
            "percent": 100,
            "hz": 480
        },
        {
            "user": "Hubibubi",
            "link": "link",
            "percent": 100,
            "hz": 165
        },
        {
            "user": "Specie",
            "link": "link",
            "percent": 100,
            "hz": 120
        },
        {
            "user": "kubusszn",
            "link": "link",
            "percent": 100,
            "hz": 240
        },
        {
            "user": "PikmiQ",
            "link": "link",
            "percent": 100,
            "hz": 60
        }
    ]
}
