{
    "id": 122317589,
    "name": "lkthslvl",
    "author": "Hubibubi",
    "creators": ["Hubibubi"],
    "verifier": "Hubibubi",
    "verification": "",
    "percentToQualify": 45,
    "password": "None",
    "enjoyment": "3.5/10",
    "description": "Short non-deco level, with stupid ball timing. Ball skills required.",
    "records": [
        {
            "user": "MaybeGurt",
            "link": "link",
            "percent": 100,
            "hz": 240
        },
        {
            "user": "YoungSzxmus",
            "link": "link",
            "percent": 100,
            "hz": 480
        },
        {
            "user": "Specie",
            "link": "link",
            "percent": 100,
            "hz": 120
        },
        {
            "user": "kubusszn",
            "link": "link",
            "percent": 100,
            "hz": 240
        },
        {
            "user": "PikmiQ",
            "link": "link",
            "percent": 100,
            "hz": 60
        }
    ]
}
