{
    "id": 124652362,
    "name": "lono latanisa",
    "author": "SaQreeZ",
    "creators": ["PikmiQ"],
    "verifier": "PikmiQ",
    "verification": "link",
    "percentToQualify": 45,
    "password": "None",
    "enjoyment": "6.5/10",
    "description": "I have no fucking idea how this name even came to be, but okay.",
    "records": [
        {
            "user": "YoungSzxmus",
            "link": "link",
            "percent": 100,
            "hz": 480
        },
        {
            "user": "Specie",
            "link": "link",
            "percent": 100,
            "hz": 120
        },
        {
            "user": "kubusszn",
            "link": "link",
            "percent": 100,
            "hz": 240
        },
        {
            "user": "MaybeGurt",
            "link": "link",
            "percent": 100,
            "hz": 240
        },
        {
            "user": "LatanisGD",
            "link": "link",
            "percent": 100,
            "hz": 360
        },
        {
            "user": "qnet309",
            "link": "link",
            "percent": 100,
            "hz": 240
        }
    ]
}
