{
    "id": 111363992,
    "name": "Masacra",
    "author": "t0n3k",
    "creators": ["t0n3k"],
    "verifier": "t0n3k",
    "verification": "https://youtu.be/9ttZfmLB2Lo",
    "percentToQualify": 25,
    "password": "None",
    "enjoyment": "4/10",
    "description": "Silent Kocmoc music level. It's good, but fuck the predrop.",
    "records": [
        {
            "user": "MaybeGurt",
            "link": "link",
            "percent": 100,
            "hz": 240
        },
        {
            "user": "YoungSzxmus",
            "link": "link",
            "percent": 100,
            "hz": 480
        },
        {
            "user": "Specie",
            "link": "link",
            "percent": 100,
            "hz": 120
        },
        {
            "user": "kubusszn",
            "link": "link",
            "percent": 100,
            "hz": 240
        },
        {
            "user": "qnet309",
            "link": "link",
            "percent": 100,
            "hz": 240
        },
        {
            "user": "SaQreeZ",
            "link": "link",
            "percent": 49,
            "hz": 480
        },
        {
            "user": "tublerGD",
            "link": "link",
            "percent": 50,
            "hz": 60
        }
    ]
}
