{
    "id": 124939481,
    "name": "Maybe lvl idk U w U",
    "author": "SaQreeZ",
    "creators": ["SaQreeZ"],
    "verifier": "SaQreeZ",
    "verification": "https://youtu.be/vUoE0njO7ts",
    "percentToQualify": 30,
    "password": "None",
    "enjoyment": "1.5/10",
    "description": "Memory level. Mid i guess. Super probably inspired with Super Probably Level.",
    "records": [
        {
            "user": "YoungSzxmus",
            "link": "link",
            "percent": 100,
            "hz": 480
        },
        {
            "user": "Specie",
            "link": "link",
            "percent": 100,
            "hz": 120
        },
        {
            "user": "kubusszn",
            "link": "link",
            "percent": 100,
            "hz": 240
        }
    ]
}
