{
    "id": 122106996,
    "name": "maymory ig idk",
    "author": "MaybeGurt",
    "creators": ["MaybeGurt"],
    "verifier": "MaybeGurt",
    "verification": "https://youtu.be/GXkMfrwg3Qo",
    "percentToQualify": 40,
    "password": "None",
    "enjoyment": "5/10",
    "description": "Memory wave level, kinda hard. Spam, wave and memory skills recommended.",
    "records": [
        {
            "user": "kubusszn",
            "link": "link",
            "percent": 100,
            "hz": 240
        },
        {
            "user": "YoungSzxmus",
            "link": "link",
            "percent": 100,
            "hz": 480
        },
        {
            "user": "Specie",
            "link": "link",
            "percent": 100,
            "hz": 120
        }
    ]
}
