{
    "id": 122352362,
    "name": "Mega Hard Challenge",
    "author": "SaQreeZ",
    "creators": ["✟ DEATH & ROSE ✟"],
    "verifier": "✟ DEATH & ROSE ✟",
    "verification": "https://youtu.be/K2LXT9Lg-Ak",
    "percentToQualify": 100,
    "password": "None",
    "description": "o7 AAA",
    "enjoyment": "5/10",
    "records": [
        {
            "user": "SaQreeZ",
            "link": "link",
            "percent": 100,
            "hz": 240
        },
        {
            "user": "t0n3k",
            "link": "link",
            "percent": 100,
            "hz": 240
        },
        {
            "user": "denerosz",
            "link": "link",
            "percent": 100,
            "hz": 60
        },
        {
            "user": "MaybeGurt",
            "link": "link",
            "percent": 100,
            "hz": 240
        },
        {
            "user": "Hubibubi",
            "link": "link",
            "percent": 100,
            "hz": 240
        },
        {
            "user": "tublerGD",
            "link": "link",
            "percent": 100,
            "hz": 60
        },
        {
            "user": "Wojasek",
            "link": "link",
            "percent": 100,
            "hz": 60
        },
        {
            "user": "VerdiX094",
            "link": "link",
            "percent": 100,
            "hz": 5
        },
        {
            "user": "YoungSzxmus",
            "link": "link",
            "percent": 100,
            "hz": 480
        },
        {
            "user": "Sevue",
            "link": "link",
            "percent": 100,
            "hz": 60
        },
        {
            "user": "PikmiQ",
            "link": "link",
            "percent": 100,
            "hz": 60
        },
        {
            "user": "Specie",
            "link": "link",
            "percent": 100,
            "hz": 120
        }
    ]
}
