{
    "id": 121823991,
    "name": "miniom goatedg",
    "author": "tublerGDv3",
    "creators": ["tublerGDv3"],
    "verifier": "tublerGD",
    "verification": "https://youtu.be/c4V6n9MVNzw",
    "percentToQualify": 30,
    "password": "None",
    "enjoyment": "4.5/10",
    "description": "Green NC lobotomy level. Wave based. Pray to minion btw.",
    "records": [
        {
            "user": "MaybeGurt",
            "link": "link",
            "percent": 100,
            "hz": 240
        },
        {
            "user": "Wojasek",
            "link": "link",
            "percent": 100,
            "hz": 60
        },
        {
            "user": "SaQreeZ",
            "link": "link",
            "percent": 100,
            "hz": 240
        },
        {
            "user": "Hubibubi",
            "link": "link",
            "percent": 100,
            "hz": 240
        },
        {
            "user": "YoungSzxmus",
            "link": "link",
            "percent": 100,
            "hz": 480
        },
        {
            "user": "PikmiQ",
            "link": "link",
            "percent": 100,
            "hz": 60
        },
        {
            "user": "Specie",
            "link": "link",
            "percent": 100,
            "hz": 120
        },
        {
            "user": "kubusszn",
            "link": "link",
            "percent": 100,
            "hz": 240
        }
    ]
}
