{
    "id": 122673126,
    "name": "Nuclear Waste",
    "author": "SaQreeZ",
    "creators": ["SaQreeZ"],
    "verifier": "SaQreeZ",
    "verification": "link",
    "percentToQualify": 40,
    "password": "None",
    "enjoyment": "6.5/10",
    "description": "Green ship challenge with tight spaces. Inspired with Torrent and Gloom. Very toxic level. Ship skills are required.",
    "records": [
        {
            "user": "MaybeGurt",
            "link": "link",
            "percent": 100,
            "hz": 240
        },
        {
            "user": "YoungSzxmus",
            "link": "link",
            "percent": 100,
            "hz": 480
        },
        {
            "user": "Specie",
            "link": "link",
            "percent": 100,
            "hz": 120
        },
        {
            "user": "kubusszn",
            "link": "link",
            "percent": 100,
            "hz": 240
        },
        {
            "user": "qnet309",
            "link": "link",
            "percent": 100,
            "hz": 240
        },
        {
            "user": "PikmiQ",
            "link": "link",
            "percent": 100,
            "hz": 60
        }
    ]
}
