{
    "id": 111568426,
    "name": "o",
    "author": "tublerGD",
    "creators": ["tublerGD"],
    "verifier": "tublerGD",
    "verification": "link",
    "percentToQualify": 60,
    "password": "None",
    "description": "Epilepsy short wave challenge.",
    "enjoyment": "4/10",
    "records": [
        {
            "user": "Specie",
            "link": "link",
            "percent": 100,
            "hz": 240
        },
        {
            "user": "PikmiQ",
            "link": "link",
            "percent": 100,
            "hz": 60
        }
    ]
}
