{
    "id": 125174248,
    "name": "ocean lost media",
    "author": "MaybeGurt",
    "creators": ["Wojasek", "MaybeGurt"],
    "verifier": "MaybeGurt",
    "verification": "https://youtu.be/R6bFBKBLuSg",
    "percentToQualify": 25,
    "password": "None",
    "enjoyment": "2.5/10",
    "description": "Not much to say, just a simple wave level. Extra hard.",
    "records": [
        {
            "user": "Specie",
            "link": "link",
            "percent": 100,
            "hz": 240
        },
        {
            "user": "YoungSzxmus",
            "link": "link",
            "percent": 85,
            "hz": 480
        }
    ]
}
