{
    "id": 124398203,
    "name": "one uno ein jeden",
    "author": "SaQreeZ",
    "creators": ["denerosz"],
    "verifier": "denerosz",
    "verification": "link",
    "percentToQualify": 66,
    "password": "None",
    "enjoyment": "6/10",
    "description": "Short timing level with  wave and ship part. It's acctually easy.",
    "records": [
        {
            "user": "tublerGD",
            "link": "link",
            "percent": 100,
            "mobile": 1,
            "hz": 60
        },
        {
            "user": "SaQreeZ",
            "link": "link",
            "percent": 100,
            "hz": 240
        },
        {
            "user": "✟ DEATH & ROSE ✟",
            "link": "link",
            "percent": 100,
            "hz": 240
        },
        {
            "user": "Hubibubi",
            "link": "link",
            "percent": 100,
            "hz": 240
        },
        {
            "user": "MaybeGurt",
            "link": "link",
            "percent": 100,
            "hz": 240
        }
    ]
}
