{
    "id": 125398350,
    "name": "Parabole nie tancza",
    "author": "kubusszn",
    "creators": ["kubusszn"],
    "verifier": "kubusszn",
    "verification": "https://youtu.be/fewcy_HR5f8",
    "percentToQualify": 45,
    "password": "None",
    "enjoyment": "5/10",
    "description": "Paraballa remake, quite good.",
    "records": [
        {
            "user": "YoungSzxmus",
            "link": "link",
            "percent": 100,
            "hz": 480
        },
        {
            "user": "Specie",
            "link": "link",
            "percent": 100,
            "hz": 240
        }
    ]
}
