{
    "id": 110385490,
    "name": "pay 2 lose",
    "author": "tublerGD",
    "creators": ["tublerGD"],
    "verifier": "tublerGD",
    "verification": "https://youtu.be/c1-UMFRY1H4",
    "percentToQualify": 30,
    "password": "None",
    "enjoyment": "5/10",
    "description": "Bluey glowy level, with wave gameplay. Buggy at the end.",
    "records": [
        {
            "user": "SaQreeZ",
            "link": "link",
            "percent": 100,
            "hz": 240
        },
        {
            "user": "Wojasek",
            "link": "link",
            "percent": 100,
            "hz": 240
        },
        {
            "user": "PershingPL",
            "link": "link",
            "percent": 100,
            "mobile": 1,
            "hz": 60
        },
        {
            "user": "t0n3k",
            "link": "link",
            "percent": 100,
            "hz": 60
        },
        {
            "user": "✟ DEATH & ROSE ✟",
            "link": "link",
            "percent": 100,
            "hz": 240
        },
        {
            "user": "MaybeGurt",
            "link": "link",
            "percent": 100,
            "hz": 240
        },
        {
            "user": "Hubibubi",
            "link": "link",
            "percent": 100,
            "hz": 240
        },
        {
            "user": "denerosz",
            "link": "link",
            "percent": 100,
            "hz": 60
        },
        {
            "user": "YoungSzxmus",
            "link": "link",
            "percent": 100,
            "hz": 480
        },
        {
            "user": "PikmiQ",
            "link": "link",
            "percent": 100,
            "hz": 60
        },
        {
            "user": "Specie",
            "link": "link",
            "percent": 100,
            "hz": 120
        },
        {
            "user": "kubusszn",
            "link": "link",
            "percent": 100,
            "hz": 240
        }
    ]
}
