{
    "id": 84568798,
    "name": "PTEROMERHANOPHOBIA",
    "author": "SaQreeZ",
    "creators": ["SaQreeZ"],
    "verifier": "MaybeGurt",
    "verification": "https://youtu.be/J9ZHWlP3wmo",
    "percentToQualify": 40,
    "password": "None",
    "enjoyment": "6/10",
    "description": "Pteromerhanophobia is the fear of flying. White and black level with red flashes. Wave timings and speed changes are the main focus of this level. It is a short level, but it has some tight timings.",
    "records": [
        {
            "user": "YoungSzxmus",
            "link": "link",
            "percent": 100,
            "hz": 480
        },
        {
            "user": "kubusszn",
            "link": "link",
            "percent": 100,
            "hz": 240
        },
        {
            "user": "Specie",
            "link": "link",
            "percent": 100,
            "hz": 120
        },
        {
            "user": "SaQreeZ",
            "link": "link",
            "percent": 100,
            "hz": 480
        },
        {
            "user": "qnet309",
            "link": "link",
            "percent": 100,
            "hz": 240
        }
    ]
}
