{
    "id": 110634931,
    "name": "rainy day",
    "author": "t0n3k",
    "creators": ["t0n3k"],
    "verifier": "t0n3k",
    "verification": "https://youtu.be/iEGnvbADQok",
    "percentToQualify": 25,
    "password": "None",
    "enjoyment": "4/10",
    "description": "Cube timing based level, with wave, ship and ufo parts at the end. Very slow at the start.",
    "records": [
        {
            "user": "SaQreeZ",
            "link": "link",
            "percent": 100,
            "hz": 240
        },
        {
            "user": "MaybeGurt",
            "link": "link",
            "percent": 100,
            "hz": 240
        },
        {
            "user": "YoungSzxmus",
            "link": "link",
            "percent": 100,
            "hz": 480
        },
        {
            "user": "Specie",
            "link": "link",
            "percent": 100,
            "hz": 120
        },
        {
            "user": "kubusszn",
            "link": "link",
            "percent": 100,
            "hz": 240
        },
        {
            "user": "qnet309",
            "link": "link",
            "percent": 100,
            "hz": 240
        },
        {
            "user": "PikmiQ",
            "link": "link",
            "percent": 100,
            "hz": 60
        }
    ]
}
