{
    "id": 125026290,
    "name": "Rhythm Rocket",
    "author": "IAMPOOPQUICKLY",
    "creators": ["IAMPOOPQUICKLY"],
    "verifier": "IAMPOOPQUICKLY",
    "verification": "https://youtu.be/F4LoqGswxwY",
    "percentToQualify": 50,
    "password": "None",
    "enjoyment": "5/10",
    "description": "I'd say well balanced.",
    "records": [
        {
            "user": "MaybeGurt",
            "link": "link",
            "percent": 100,
            "hz": 240
        },
        {
            "user": "Specie",
            "link": "link",
            "percent": 100,
            "hz": 240
        },
        {
            "user": "qnet309",
            "link": "link",
            "percent": 100,
            "hz": 240
        },
        {
            "user": "YoungSzxmus",
            "link": "link",
            "percent": 100,
            "hz": 480
        }
    ]
}
