{
    "id": 122654484,
    "name": "Sakupen DealDough",
    "author": "MaybeGurt",
    "creators": ["MaybeGurt"],
    "verifier": "MaybeGurt",
    "verification": "https://youtu.be/3OlLJiaoUho",
    "percentToQualify": 40,
    "password": "None",
    "enjoyment": "3/10",
    "description": "Sakupen DealDough is a Sakupen Circles inspired level with tight wave timings, shitty deco, and a strange click pattern. Get ready for a grind!",
    "records": [
        {
            "user": "kubusszn",
            "link": "link",
            "percent": 100,
            "hz": 240
        },
        {
            "user": "YoungSzxmus",
            "link": "link",
            "percent": 100,
            "hz": 480
        },
        {
            "user": "Specie",
            "link": "link",
            "percent": 100,
            "hz": 120
        },
        {
            "user": "malybonzo6173",
            "link": "link",
            "percent": 63,
            "hz": 165
        },
        {
            "user": "skibidiwojasek",
            "link": "link",
            "percent": 43,
            "mobile": 1,
            "hz": 60
        },
        {
            "user": "SaQreeZ",
            "link": "link",
            "percent": 42,
            "hz": 240
        }
    ]
}
