{
    "id": 124619669,
    "name": "sakupen saqreez",
    "author": "denerosz",
    "creators": ["denerosz"],
    "verifier": "denerosz",
    "verification": "https://youtu.be/prpMA8xxEPA",
    "percentToQualify": 50,
    "password": "None",
    "enjoyment": "4/10",
    "description": "Slow and easy sakupen circles level.",
    "records": [
        {
            "user": "Specie",
            "link": "link",
            "percent": 100,
            "hz": 120
        },
        {
            "user": "qnet309",
            "link": "link",
            "percent": 100,
            "hz": 240
        },
        {
            "user": "PikmiQ",
            "link": "link",
            "percent": 100,
            "hz": 60
        }
    ]
}
