{
    "id": 121832146,
    "name": "saqrez challenge v2",
    "author": "denerosz",
    "creators": ["denerosz"],
    "verifier": "MaybeGurt",
    "verification": "link",
    "percentToQualify": 70,
    "password": "None",
    "enjoyment": "3.5/10",
    "description": "Just some wave timings, lobotomy and triple spikes.",
    "records": [
        {
            "user": "SaQreeZ",
            "link": "link",
            "percent": 100,
            "hz": 240
        },
        {
            "user": "qnet309",
            "link": "link",
            "percent": 100,
            "hz": 240
        },
        {
            "user": "kubusszn",
            "link": "link",
            "percent": 100,
            "hz": 240
        },
        {
            "user": "YoungSzxmus",
            "link": "link",
            "percent": 100,
            "hz": 480
        },
        {
            "user": "Specie",
            "link": "link",
            "percent": 100,
            "hz": 120
        }
    ]
}
