{
    "id": 122719609,
    "name": "Save Yourself",
    "author": "SaQreeZ",
    "creators": ["SaQreeZ"],
    "verifier": "Specie",
    "verification": "https://youtu.be/vTyhslNH9f0",
    "percentToQualify": 40,
    "password": "None",
    "enjoyment": "8/10",
    "description": "Eric Cartman singing this shit. Disrection Advised inspired.",
    "records": [
        {
            "user": "kubusszn",
            "link": "link",
            "percent": 100,
            "hz": 240
        },
        {
            "user": "YoungSzxmus",
            "link": "link",
            "percent": 100,
            "hz": 480
        },
        {
            "user": "qnet309",
            "link": "link",
            "percent": 100,
            "hz": 240
        },
        {
            "user": "SaQreeZ",
            "link": "link",
            "percent": 52,
            "hz": 480
        }
    ]
}
