{
    "id": 122961959,
    "name": "ShowerPhobix",
    "author": "denerosz",
    "creators": ["denerosz"],
    "verifier": "MaybeGurt",
    "verification": "https://youtu.be/ONr6qhCphIc",
    "percentToQualify": 30,
    "password": "None",
    "enjoyment": "4.5/10",
    "description": "Balanced until the last mini wave. It's a bit annoying but the rest is fun. Good luck!",
    "records": [
        {
            "user": "YoungSzxmus",
            "link": "link",
            "percent": 100,
            "hz": 480
        },
        {
            "user": "kubusszn",
            "link": "link",
            "percent": 100,
            "hz": 240
        },
        {
            "user": "SaQreeZ",
            "link": "link",
            "percent": 42,
            "hz": 360
        },
        {
            "user": "Specie",
            "link": "link",
            "percent": 100,
            "hz": 120
        }
    ]
}
