{
    "id": 126500639,
    "name": "sieben clubstep",
    "author": "PikmiQ",
    "creators": ["PikmiQ"],
    "verifier": "PikmiQ",
    "verification": "https://youtu.be/oo36FWV06so",
    "percentToQualify": 100,
    "password": "None",
    "enjoyment": "5/10",
    "description": "zjebany clubstep, clubstep dla zjebow.",
    "records": [
        {
            "user": "YoungSzxmus",
            "link": "link",
            "percent": 100,
            "hz": 480
        },
        {
            "user": "Specie",
            "link": "link",
            "percent": 100,
            "mobile": 1,
            "hz": 60
        },
        {
            "user": "qnet309",
            "link": "link",
            "percent": 100,
            "hz": 240
        },
        {
            "user": "SaQreeZ",
            "link": "link",
            "percent": 100,
            "hz": 360
        }
    ]
}
