{
    "id": 110413492,
    "name": "Siiigmmaaaaaaaaaa",
    "author": "tublerGD",
    "creators": ["tublerGD"],
    "verifier": "tublerGD",
    "verification": "https://youtu.be/QrHnd6PXVHg",
    "percentToQualify": 50,
    "password": "None",
    "enjoyment": "4/10",
    "description": "Short level with wave based timings.",
    "records": [
        {
            "user": "Wojasek",
            "link": "link",
            "percent": 100,
            "hz": 240
        },
        {
            "user": "SaQreeZ",
            "link": "link",
            "percent": 100,
            "hz": 240
        },
        {
            "user": "t0n3k",
            "link": "link",
            "percent": 100,
            "hz": 60
        },
        {
            "user": "MaybeGurt",
            "link": "link",
            "percent": 100,
            "hz": 240
        },
        {
            "user": "Hubibubi",
            "link": "link",
            "percent": 100,
            "hz": 240
        },
        {
            "user": "denerosz",
            "link": "link",
            "percent": 100,
            "hz": 60
        },
        {
            "user": "YoungSzxmus",
            "link": "link",
            "percent": 100,
            "hz": 480
        },
        {
            "user": "PikmiQ",
            "link": "link",
            "percent": 100,
            "hz": 60
        },
        {
            "user": "Specie",
            "link": "link",
            "percent": 100,
            "hz": 120
        },
        {
            "user": "kubusszn",
            "link": "link",
            "percent": 100,
            "hz": 240
        },
        {
            "user": "B0ber0",
            "link": "link",
            "percent": 100,
            "hz": 60
        },
        {
            "user": "Blossip",
            "link": "link",
            "percent": 100,
            "hz": 240
        }
    ]
}
