{
    "id": 124377695,
    "name": "SlaughterHoe",
    "author": "MaybeGurt",
    "creators": ["MaybeGurt"],
    "verifier": "MaybeGurt",
    "verification": "https://youtu.be/boM1Mqk13zk",
    "percentToQualify": 35,
    "password": "None",
    "enjoyment": "3/10",
    "description": "MaybeGurt likes Slaughterhouse. This is a wave level, with no deco. Recommended for torturing this guy.",
    "records": [
        {
            "user": "Specie",
            "link": "link",
            "percent": 100,
            "hz": 120
        },
        {
            "user": "kubusszn",
            "link": "link",
            "percent": 100,
            "hz": 240
        }
    ]
}
