{
    "id": 126240356,
    "name": "smegmaslinga",
    "author": "PikmiQ",
    "creators": ["PikmiQ"],
    "verifier": "PikmiQ",
    "verification": "https://youtu.be/X4Osv9gCjs4",
    "percentToQualify": 100,
    "password": "None",
    "enjoyment": "6.5/10",
    "description": "Funny swing challenge with id seven.",
    "records": [
        {
            "user": "YoungSzxmus",
            "link": "link",
            "percent": 100,
            "hz": 480
        },
        {
            "user": "Specie",
            "link": "link",
            "percent": 100,
            "hz": 240
        }
    ]
}
