{
    "id": 127297164,
    "name": "Smegmouement",
    "author": "PikmiQ",
    "creators": ["PikmiQ"],
    "verifier": "PikmiQ",
    "verification": "https://medal.tv/pl/games/geometry-dash/clip/ljAubqhnLslycE1R7?invite=cr-MSw4MTgsNDIxMTg3NDgz",
    "percentToQualify": 5,
    "password": "None",
    "enjoyment": "6.5/10",
    "description": "Denounement but with smegma.",
    "records": [
        {
            "user": "YoungSzxmus",
            "link": "link",
            "percent": 100,
            "hz": 480
        }
    ]
}
