{
    "id": 116133107,
    "name": "Specie UFO",
    "author": "YoungSzxmus",
    "creators": ["YoungSzxmus"],
    "verifier": "YoungSzxmus",
    "verification": "https://youtu.be/iArT09vGbGY",
    "percentToQualify": 50,
    "password": "None",
    "enjoyment": "1/10",
    "description": "Spam again. Epilepsy Warning. And there is no ufo.",
    "records": [
        {
            "user": "SaQreeZ",
            "link": "link",
            "percent": 73,
            "hz": 480
        },
        {
            "user": "Specie",
            "link": "link",
            "percent": 100,
            "hz": 240
        },
        {
            "user": "PikmiQ",
            "link": "link",
            "percent": 100,
            "hz": 60
        },
        {
            "user": "qnet309",
            "link": "link",
            "percent": 100,
            "hz": 240
        }
    ]
}
