{
    "id": 124322178,
    "name": "sralnia challenge",
    "author": "rumunka",
    "creators": ["rumunka"],
    "verifier": "MaybeGurt",
    "verification": "https://youtu.be/SdYKcs8BLaQ",
    "percentToQualify": 50,
    "password": "None",
    "enjoyment": "5/10",
    "description": "Sraken pierdaken, nie wiem jak to opisac.",
    "records": [
        {
            "user": "kubusszn",
            "link": "link",
            "percent": 100,
            "hz": 240
        },
        {
            "user": "Specie",
            "link": "link",
            "percent": 100,
            "hz": 120
        },
        {
            "user": "qnet309",
            "link": "link",
            "percent": 100,
            "hz": 240
        },
        {
            "user": "LatanisGD",
            "link": "link",
            "percent": 100,
            "hz": 360
        }
    ]
}
