{
    "id": 123040558,
    "name": "sufrimiento",
    "author": "t0n3k",
    "creators": ["t0n3k"],
    "verifier": "t0n3k",
    "verification": "https://youtu.be/RKVivj1by8I",
    "percentToQualify": 30,
    "password": "None",
    "enjoyment": "6/10",
    "description": "Fast paced red challenge, with ship main gameplay (i think...), but very balanced.",
    "records": [
        {
            "user": "MaybeGurt",
            "link": "link",
            "percent": 100,
            "hz": 240
        },
        {
            "user": "YoungSzxmus",
            "link": "link",
            "percent": 100,
            "hz": 480
        },
        {
            "user": "Specie",
            "link": "link",
            "percent": 100,
            "hz": 120
        },
        {
            "user": "kubusszn",
            "link": "link",
            "percent": 100,
            "hz": 240
        },
        {
            "user": "qnet309",
            "link": "link",
            "percent": 100,
            "hz": 240
        },
        {
            "user": "PikmiQ",
            "link": "link",
            "percent": 100,
            "hz": 60
        }
    ]
}
