{
    "id": 123273981,
    "name": "superultramasochizm",
    "author": "bibi2044",
    "creators": ["bibi2044"],
    "verifier": "malybonzo6173",
    "verification": "https://youtu.be/EQgaUoxBAuQ",
    "percentToQualify": 33,
    "password": "None",
    "enjoyment": "1/10",
    "description": "Wave spam based challenge with no deco i guess. Pray to the transitions.",
    "records": [
        {
            "user": "MaybeGurt",
            "link": "link",
            "percent": 100,
            "hz": 240
        },
        {
            "user": "kubusszn",
            "link": "link",
            "percent": 100,
            "hz": 240
        },
        {
            "user": "YoungSzxmus",
            "link": "link",
            "percent": 100,
            "hz": 480
        },
        {
            "user": "qnet309",
            "link": "link",
            "percent": 100,
            "hz": 240
        },
        {
            "user": "Specie",
            "link": "link",
            "percent": 100,
            "hz": 120
        }
    ]
}
