{
    "id": 124396200,
    "name": "Suplementy diety",
    "author": "SaQreeZ",
    "creators": ["YoungSzxmus"],
    "verifier": "YoungSzxmus",
    "verification": "https://youtu.be/ImMHuQNGMP8",
    "percentToQualify": 30,
    "password": "None",
    "enjoyment": "2/10",
    "description": "Just a Decompilation. But 3 times in a row. MaybeGurt is dead after seeing this.",
    "records": [
        {
            "user": "SaQreeZ",
            "link": "link",
            "percent": 94,
            "hz": 360
        },
        {
            "user": "kubusszn",
            "link": "link",
            "percent": 100,
            "hz": 240
        },
        {
            "user": "Specie",
            "link": "link",
            "percent": 100,
            "hz": 120
        },
        {
            "user": "MaybeGurt",
            "link": "link",
            "percent": 100,
            "hz": 240
        }
    ]
}
