{
    "id": 125038363,
    "name": "Szuflada Chamber",
    "author": "SaQreeZ",
    "creators": ["YoungSzxmus"],
    "verifier": "YoungSzxmus",
    "verification": "https://youtu.be/KzRte0NeI5o",
    "percentToQualify": 70,
    "password": "None",
    "enjoyment": "0/10",
    "description": "Spam. Spam. Spam. Fuck you, and spam. Fuck me, and precentage. Fuck me, hard, harder and insane till i turn into extreme demon. Fuck Cimmerian Shade, but for his pleasure. Fuck Avernus, and fuck his face up, idk idc uwu. YoungSzxmus dic is smol, smolar than his smol finga chopped off. He said uwu btw. I said hi. Fuck me again please. Hi! I'm CRYVYBE!",
    "records": [
        {
            "user": "Specie",
            "link": "link",
            "percent": 100,
            "hz": 240
        },
        {
            "user": "qnet309",
            "link": "link",
            "percent": 75,
            "hz": 240
        }
    ]
}
