{
    "id": 124987040,
    "name": "SZymus never clear",
    "author": "kubusszn",
    "creators": ["kubusszn"],
    "verifier": "kubusszn",
    "verification": "https://youtu.be/b1G9sKb1_Kk",
    "percentToQualify": 25,
    "password": "None",
    "enjoyment": "5/10",
    "description": "Well that is fucked. No wave in top 1? High cps, kinda similar to 1000 EYES, But on steroids. I doubt Szymus will ever clear it, but who knows. Too dirty right now to clear this shit.",
    "records": [
        {
            "user": "Specie",
            "link": "link",
            "percent": 100,
            "hz": 240
        },
        {
            "user": "YoungSzxmus",
            "link": "link",
            "percent": 100,
            "hz": 480
        }
    ]
}
