{
    "id": 124634418,
    "name": "taiwan vip",
    "author": "tublerGDv3",
    "creators": ["tublerGDv3"],
    "verifier": "tublerGD",
    "verification": "https://youtube.com/shorts/60RxrRoSkW4",
    "percentToQualify": 40,
    "password": "None",
    "enjoyment": "6/10",
    "description": "Playtest your levels more. Tidal Wave inspired level.",
    "records": [
        {
            "user": "YoungSzxmus",
            "link": "link",
            "percent": 100,
            "hz": 480
        },
        {
            "user": "Specie",
            "link": "link",
            "percent": 100,
            "hz": 120
        },
        {
            "user": "kubusszn",
            "link": "link",
            "percent": 100,
            "hz": 240
        },
        {
            "user": "MaybeGurt",
            "link": "link",
            "percent": 100,
            "hz": 240
        }
    ]
}
