{
    "id": 122294127,
    "name": "Tanscapes",
    "author": "pysznywojanek",
    "creators": ["Wojasek"],
    "verifier": "Wojasek",
    "verification": "link",
    "percentToQualify": 50,
    "password": "None",
    "enjoyment": "3/10",
    "description": "Weird robot level with bad timings.",
    "records": [
        {
            "user": "MaybeGurt",
            "link": "link",
            "percent": 100,
            "hz": 240
        },
        {
            "user": "SaQreeZ",
            "link": "link",
            "percent": 100,
            "hz": 240
        },
        {
            "user": "YoungSzxmus",
            "link": "link",
            "percent": 100,
            "hz": 480
        },
        {
            "user": "kubusszn",
            "link": "link",
            "percent": 100,
            "hz": 240
        },
        {
            "user": "qnet309",
            "link": "link",
            "percent": 100,
            "hz": 240
        },
        {
            "user": "Specie",
            "link": "link",
            "percent": 100,
            "hz": 120
        }
    ]
}
