{
    "id": 110406470,
    "name": "the option",
    "author": "SaQreeZ",
    "creators": ["t0n3k"],
    "verifier": "t0n3k",
    "verification": "https://youtu.be/osx6ZslcAek",
    "percentToQualify": 33,
    "password": "None",
    "enjoyment": "3.5/10",
    "description": "Fixed hitboxes makes this level harder that it seems. The ending wave is very hard.",
    "records": [
        {
            "user": "SaQreeZ",
            "link": "link",
            "percent": 100,
            "hz": 240
        },
        {
            "user": "Wojasek",
            "link": "link",
            "percent": 100,
            "hz": 240
        },
        {
            "user": "MaybeGurt",
            "link": "link",
            "percent": 100,
            "hz": 240
        },
        {
            "user": "YoungSzxmus",
            "link": "link",
            "percent": 100,
            "hz": 480
        },
        {
            "user": "Specie",
            "link": "link",
            "percent": 100,
            "hz": 120
        },
        {
            "user": "kubusszn",
            "link": "link",
            "percent": 100,
            "hz": 240
        },
        {
            "user": "qnet309",
            "link": "link",
            "percent": 100,
            "hz": 240
        },
        {
            "user": "PikmiQ",
            "link": "link",
            "percent": 100,
            "hz": 60
        },
        {
            "user": "tublerGD",
            "link": "link",
            "percent": 67,
            "mobile": 1,
            "hz": 60
        },
        {
            "user": "PershingPL",
            "link": "link",
            "percent": 33,
            "mobile": 1,
            "hz": 60
        },
        {
            "user": "Hubibubi",
            "link": "link",
            "percent": 52,
            "hz": 240
        }
    ]
}
