{
    "id": 127703171,
    "name": "The Silver",
    "author": "SaQreeZ",
    "creators": ["SaQreeZ"],
    "verifier": "YoungSzxmus",
    "verification": "https://medal.tv/games/geometry-dash/clip/lqDiZ8X5r_hTyttmO?invite=cr-MSw1ejksMzEzNTA3NDE5&v=20",
    "percentToQualify": 45,
    "password": "None",
    "enjoyment": "7.5/10",
    "description": "Accurate The Golden remake, with similar difficulty. Enjoy!",
    "records": [
        {
            "user": "SaQreeZ",
            "link": "link",
            "percent": 53,
            "hz": 360
        }
    ]
}