{
    "id": 122923008,
    "name": "the crapduck",
    "author": "VerdiX094",
    "creators": ["VerdiX094"],
    "verifier": "VerdiX094",
    "verification": "https://youtu.be/n23QwTzRb5Q",
    "percentToQualify": 50,
    "password": "None",
    "enjoyment": "2.5/10",
    "description": "This is a real crap, when playing on high FPS. Lmao.",
    "records": [
        {
            "user": "SaQreeZ",
            "link": "link",
            "percent": 100,
            "hz": 360
        },
        {
            "user": "MaybeGurt",
            "link": "link",
            "percent": 100,
            "hz": 8
        },
        {
            "user": "Hubibubi",
            "link": "link",
            "percent": 100,
            "hz": 8
        },
        {
            "user": "kubusszn",
            "link": "link",
            "percent": 100,
            "hz": 240
        },
        {
            "user": "denerosz",
            "link": "link",
            "percent": 100,
            "hz": 8
        },
        {
            "user": "YoungSzxmus",
            "link": "link",
            "percent": 100,
            "hz": 480
        },
        {
            "user": "Specie",
            "link": "link",
            "percent": 100,
            "hz": 120
        },
        {
            "user": "qnet309",
            "link": "link",
            "percent": 100,
            "hz": 240
        }
    ]
}
