{
    "id": 123081137,
    "name": "Theikipolis II",
    "author": "SaQreeZ",
    "creators": ["SaQreeZ"],
    "verifier": "SaQreeZ",
    "verification": "https://youtu.be/iLdvqTtEWjc",
    "percentToQualify": 30,
    "password": "None",
    "enjoyment": "6/10",
    "description": "Well balanced Thinking Space remake. Fast paced, but not wave mainly. The gameplay is kinda fun.",
    "records": [
        {
            "user": "MaybeGurt",
            "link": "link",
            "percent": 100,
            "hz": 240
        },
        {
            "user": "YoungSzxmus",
            "link": "link",
            "percent": 100,
            "hz": 480
        },
        {
            "user": "kubusszn",
            "link": "link",
            "percent": 100,
            "hz": 240
        },
        {
            "user": "qnet309",
            "link": "link",
            "percent": 100,
            "hz": 240
        },
        {
            "user": "Specie",
            "link": "link",
            "percent": 100,
            "hz": 120
        },
        {
            "user": "tublerGD",
            "link": "link",
            "percent": 100,
            "hz": 60
        },
        {
            "user": "LatanisGD",
            "link": "link",
            "percent": 100,
            "hz": 360
        }
    ]
}