{
    "id": 124586120,
    "name": "Theikipolis III",
    "author": "SaQreeZ",
    "creators": ["SaQreeZ"],
    "verifier": "YoungSzxmus",
    "verification": "https://youtu.be/jMnDrKJJZik",
    "percentToQualify": 35,
    "password": "None",
    "enjoyment": "7/10",
    "description": "Thinking Space II ahh. Wave based asf.",
    "records": [
        {
            "user": "MaybeGurt",
            "link": "link",
            "percent": 100,
            "hz": 240
        },
        {
            "user": "Specie",
            "link": "link",
            "percent": 100,
            "hz": 120
        },
        {
            "user": "kubusszn",
            "link": "link",
            "percent": 100,
            "hz": 240
        },
        {
            "user": "SaQreeZ",
            "link": "link",
            "percent": 80,
            "hz": 480
        },
        {
            "user": "qnet309",
            "link": "link",
            "percent": 100,
            "hz": 240
        },
        {
            "user": "fabii25",
            "link": "link",
            "percent": 100,
            "hz": 280
        },
        {
            "user": "LatanisGD",
            "link": "link",
            "percent": 100,
            "hz": 360
        }
    ]
}