{
    "id": 110403974,
    "name": "ThreeSheesh",
    "author": "SaQreeZ",
    "creators": ["SaQreeZ"],
    "verifier": "SaQreeZ",
    "verification": "https://youtu.be/3mdDAz_2ru4",
    "percentToQualify": 50,
    "password": "None",
    "enjoyment": "1/10",
    "description": "This level sucks. 5 clicks only required. 1st one is a frame perfect and 2nd one is a fuckass tiny timing click.",
    "records": [
        {
            "user": "PershingPL",
            "link": "link",
            "percent": 52,
            "mobile": 1,
            "hz": 60
        },
        {
            "user": "Hubibubi",
            "link": "link",
            "percent": 59,
            "hz": 144
        },
        {
            "user": "tublerGD",
            "link": "link",
            "percent": 55,
            "hz": 60
        },
        {
            "user": "✟ DEATH & ROSE ✟",
            "link": "link",
            "percent": 100,
            "hz": 240
        },
        {
            "user": "Wojasek",
            "link": "link",
            "percent": 100,
            "hz": 60
        },
        {
            "user": "MaybeGurt",
            "link": "link",
            "percent": 100,
            "hz": 240
        },
        {
            "user": "Mok0o",
            "link": "link",
            "percent": 100,
            "hz": 60
        },
        {
            "user": "YoungSzxmus",
            "link": "link",
            "percent": 100,
            "hz": 480
        },
        {
            "user": "Specie",
            "link": "link",
            "percent": 100,
            "hz": 120
        },
        {
            "user": "kubusszn",
            "link": "link",
            "percent": 100,
            "hz": 240
        },
        {
            "user": "PikmiQ",
            "link": "link",
            "percent": 100,
            "hz": 60
        }
    ]
}
