{
    "id": 122994125,
    "name": "Tonek ahh level",
    "author": "tublerGD",
    "creators": ["tublerGD"],
    "verifier": "SaQreeZ",
    "verification": "link",
    "percentToQualify": 50,
    "password": "None",
    "enjoyment": "2/10",
    "description": "(It didn't mean to hurt you t0n3k, i'm sorry. DM me if you still want it taken down)",
    "records": [
        {
            "user": "t0n3k",
            "link": "link",
            "percent": 100,
            "hz": 240
        },
        {
            "user": "YoungSzxmus",
            "link": "link",
            "percent": 100,
            "hz": 480
        },
        {
            "user": "MaybeGurt",
            "link": "link",
            "percent": 100,
            "hz": 240
        },
        {
            "user": "PikmiQ",
            "link": "link",
            "percent": 100,
            "hz": 60
        },
        {
            "user": "Specie",
            "link": "link",
            "percent": 100,
            "hz": 120
        },
        {
            "user": "kubusszn",
            "link": "link",
            "percent": 100,
            "hz": 240
        },
        {
            "user": "qnet309",
            "link": "link",
            "percent": 100,
            "hz": 240
        }
    ]
}
