{
    "id": 124896542,
    "name": "tonek to fajna osoba",
    "author": "PikmiQ",
    "creators": ["PikmiQ"],
    "verifier": "PikmiQ",
    "verification": "https://youtu.be/FgvtM04W9YY",
    "percentToQualify": 40,
    "password": "None",
    "enjoyment": "0/10",
    "description": "PikmiQ, lecisz na bana. Very unoriginal cuh :mending_heart:.",
    "records": [
        {
            "user": "Specie",
            "link": "link",
            "percent": 100,
            "hz": 120
        },
        {
            "user": "kubusszn",
            "link": "link",
            "percent": 100,
            "hz": 240
        }
    ]
}
