{
    "id": 110361107,
    "name": "ultimate wave",
    "author": "t0n3k",
    "creators": ["t0n3k"],
    "verifier": "t0n3k",
    "verification": "https://youtu.be/8-B0rATIBp8",
    "percentToQualify": 33,
    "password": "None",
    "enjoyment": "5.5/10",
    "description": "White wave challenge with some timings. Good for wave based players.",
    "records": [
        {
            "user": "SaQreeZ",
            "link": "link",
            "percent": 100,
            "hz": 240
        },
        {
            "user": "MaybeGurt",
            "link": "link",
            "percent": 100,
            "hz": 240
        },
        {
            "user": "Hubibubi",
            "link": "link",
            "percent": 100,
            "hz": 165
        },
        {
            "user": "kubusszn",
            "link": "link",
            "percent": 100,
            "hz": 240
        },
        {
            "user": "YoungSzxmus",
            "link": "link",
            "percent": 100,
            "hz": 480
        },
        {
            "user": "qnet309",
            "link": "link",
            "percent": 100,
            "hz": 240
        },
        {
            "user": "PikmiQ",
            "link": "link",
            "percent": 100,
            "hz": 60
        },
        {
            "user": "Specie",
            "link": "link",
            "percent": 100,
            "hz": 120
        }
    ]
}
