{
    "id": 122809789,
    "name": "watadogdoin",
    "author": "denerosz",
    "creators": ["denerosz"],
    "verifier": "t0n3k",
    "verification": "https://youtu.be/rp8bKj6cp3E",
    "percentToQualify": 50,
    "password": "None",
    "enjoyment": "6/10",
    "description": "Shitty wave challenge with no deco and kinda annoying mini wave transition. Kinda fun tho.",
    "records": [
        {
            "user": "MaybeGurt",
            "link": "link",
            "percent": 100,
            "hz": 240
        },
        {
            "user": "YoungSzxmus",
            "link": "link",
            "percent": 100,
            "hz": 480
        },
        {
            "user": "PikmiQ",
            "link": "link",
            "percent": 100,
            "hz": 60
        },
        {
            "user": "Specie",
            "link": "link",
            "percent": 100,
            "hz": 120
        },
        {
            "user": "kubusszn",
            "link": "link",
            "percent": 100,
            "hz": 240
        },
        {
            "user": "tublerGD",
            "link": "link",
            "percent": 100,
            "hz": 60
        }
    ]
}
