{
    "id": 122811609,
    "name": "watadogdoin v2",
    "author": "denerosz",
    "creators": ["denerosz"],
    "verifier": "t0n3k",
    "verification": "https://youtu.be/IUeq6d6owps",
    "percentToQualify": 50,
    "password": "None",
    "enjoyment": "3.5/10",
    "description": "Shitty unbalanced and not well playtested wave challenge. Not fun.",
    "records": [
        {
            "user": "MaybeGurt",
            "link": "link",
            "percent": 100,
            "hz": 240
        },
        {
            "user": "SaQreeZ",
            "link": "link",
            "percent": 100,
            "hz": 360
        },
        {
            "user": "qnet309",
            "link": "link",
            "percent": 100,
            "hz": 240
        },
        {
            "user": "kubusszn",
            "link": "link",
            "percent": 100,
            "hz": 240
        },
        {
            "user": "YoungSzxmus",
            "link": "link",
            "percent": 100,
            "hz": 480
        },
        {
            "user": "Specie",
            "link": "link",
            "percent": 100,
            "hz": 120
        }
    ]
}
