{
    "id": 124339318,
    "name": "when ju find mi",
    "author": "YoungSzxmus",
    "creators": ["kubusszn, YoungSzxmus"],
    "verifier": "YoungSzxmus",
    "verification": "https://youtu.be/O7H-A1clCuQ",
    "percentToQualify": 30,
    "password": "None",
    "enjoyment": "5.5/10",
    "description": "Wave hell with plenty fixed hitboxes. Duhhh.",
    "records": [
        {
            "user": "MaybeGurt",
            "link": "link",
            "percent": 100,
            "hz": 240
        },
        {
            "user": "kubusszn",
            "link": "link",
            "percent": 100,
            "hz": 240
        },
        {
            "user": "Specie",
            "link": "link",
            "percent": 100,
            "hz": 120
        },
        {
            "user": "qnet309",
            "link": "link",
            "percent": 61,
            "hz": 240
        }
    ]
}
