{
    "id": 110524491,
    "name": "Wojasek Challenge",
    "author": "denerosz",
    "creators": ["denerosz"],
    "verifier": "denerosz",
    "verification": "https://youtu.be/ZMAfPZAZEUE",
    "percentToQualify": 40,
    "password": "None",
    "enjoyment": "7/10",
    "description": "12 small robot jumps, and a strange QR code at the start...",
    "records": [
        {
            "user": "Wojasek",
            "link": "link",
            "percent": 100,
            "hz": 240
        },
        {
            "user": "SaQreeZ",
            "link": "link",
            "percent": 100,
            "hz": 240
        },
        {
            "user": "MaybeGurt",
            "link": "link",
            "percent": 100,
            "hz": 240
        },
        {
            "user": "tublerGD",
            "link": "link",
            "percent": 100,
            "hz": 60
        },
        {
            "user": "Hubibubi",
            "link": "link",
            "percent": 100,
            "hz": 240
        },
        {
            "user": "Mok0o",
            "link": "link",
            "percent": 100,
            "hz": 60
        },
        {
            "user": "YoungSzxmus",
            "link": "link",
            "percent": 100,
            "hz": 480
        },
        {
            "user": "PikmiQ",
            "link": "link",
            "percent": 100,
            "hz": 60
        },
        {
            "user": "Specie",
            "link": "link",
            "percent": 100,
            "hz": 120
        }
    ]
}
