{
    "id": 110453469,
    "name": "Wonder",
    "author": "SaQreeZ",
    "creators": ["SaQreeZ"],
    "verifier": "SaQreeZ",
    "verification": "https://youtu.be/r3xu3hYKUwA",
    "percentToQualify": 30,
    "password": "None",
    "enjoyment": "6/10",
    "description": "Cloudy wave based level, tho it requires cube timings, and some ship skills. Fast gameplay, mostly wave based.",
    "records": [
        {
            "user": "t0n3k",
            "link": "link",
            "percent": 100,
            "hz": 60
        },
        {
            "user": "MaybeGurt",
            "link": "link",
            "percent": 100,
            "hz": 240
        },
        {
            "user": "YoungSzxmus",
            "link": "link",
            "percent": 100,
            "hz": 480
        },
        {
            "user": "kubusszn",
            "link": "link",
            "percent": 100,
            "hz": 240
        },
        {
            "user": "qnet309",
            "link": "link",
            "percent": 100,
            "hz": 240
        },
        {
            "user": "Specie",
            "link": "link",
            "percent": 100,
            "hz": 120
        },
        {
            "user": "gopsolaptop",
            "link": "link",
            "percent": 100,
            "hz": 240
        },
        {
            "user": "LatanisGD",
            "link": "link",
            "percent": 100,
            "hz": 360
        }
    ]
}
