{
    "id": 125654365,
    "name": "Xylitor",
    "author": "SaQreeZ",
    "creators": ["SaQreeZ"],
    "verifier": "SaQreeZ",
    "verification": "https://youtu.be/xUER46pMdq8",
    "percentToQualify": 40,
    "password": "None",
    "enjoyment": "7.5/10",
    "description": "Kinda sync based half-memory wave challenge. I loved it actually.",
    "records": [
        {
            "user": "Specie",
            "link": "link",
            "percent": 100,
            "hz": 240
        },
        {
            "user": "PershingPL",
            "link": "link",
            "percent": 41,
            "mobile": 1,
            "hz": 60
        }
    ]
}
