{
    "id": 110405521,
    "name": "your best nightmare",
    "author": "tublerGD",
    "creators": ["tublerGD"],
    "verifier": "tublerGD",
    "verification": "https://youtu.be/12jga28Aruk",
    "percentToQualify": 30,
    "password": "None",
    "enjoyment": "5.5/10",
    "description": "Hot level, very hot. Lava designed easy ship challenge, is good for begginers.",
    "records": [
        {
            "user": "PershingPL",
            "link": "link",
            "percent": 36,
            "mobile": 1,
            "hz": 60
        },
        {
            "user": "Wojasek",
            "link": "link",
            "percent": 100,
            "hz": 240
        },
        {
            "user": "SaQreeZ",
            "link": "link",
            "percent": 100,
            "hz": 240
        },
        {
            "user": "t0n3k",
            "link": "link",
            "percent": 100,
            "hz": 60
        },
        {
            "user": "MaybeGurt",
            "link": "link",
            "percent": 100,
            "hz": 240
        },
        {
            "user": "Hubibubi",
            "link": "link",
            "percent": 100,
            "hz": 240
        },
        {
            "user": "YoungSzxmus",
            "link": "link",
            "percent": 100,
            "hz": 480
        },
        {
            "user": "Specie",
            "link": "link",
            "percent": 100,
            "hz": 120
        }
    ]
}
